instant,dteday,season,yr,mnth,holiday,weekday,workingday,weathersit,temp,atemp,hum,windspeed,casual,registered,cnt
1,2011-01-01,1,0,s1_below_2,s1_below_0,6,s1_below_0,s2_1_2,s2_0_0,s1_below_0,s3_0_up,s1_below_0,331,654,s1_below_3442
2,2011-01-02,1,0,s1_below_2,s1_below_0,0,s1_below_0,s2_1_2,s2_0_0,s1_below_0,s2_0_0,s1_below_0,131,670,s1_below_3442
3,2011-01-03,1,0,s1_below_2,s1_below_0,1,s2_0_up,s1_below_1,s1_below_0,s1_below_0,s2_0_0,s1_below_0,120,1229,s1_below_3442
4,2011-01-04,1,0,s1_below_2,s1_below_0,2,s2_0_up,s1_below_1,s1_below_0,s1_below_0,s2_0_0,s1_below_0,108,1454,s1_below_3442
5,2011-01-05,1,0,s1_below_2,s1_below_0,3,s2_0_up,s1_below_1,s1_below_0,s1_below_0,s2_0_0,s1_below_0,82,1518,s1_below_3442
6,2011-01-06,1,0,s1_below_2,s1_below_0,4,s2_0_up,s1_below_1,s1_below_0,s1_below_0,s2_0_0,s1_below_0,88,1518,s1_below_3442
7,2011-01-07,1,0,s1_below_2,s1_below_0,5,s2_0_up,s2_1_2,s1_below_0,s1_below_0,s2_0_0,s1_below_0,148,1362,s1_below_3442
8,2011-01-08,1,0,s1_below_2,s1_below_0,6,s1_below_0,s2_1_2,s1_below_0,s1_below_0,s2_0_0,s1_below_0,68,891,s1_below_3442
9,2011-01-09,1,0,s1_below_2,s1_below_0,0,s1_below_0,s1_below_1,s1_below_0,s1_below_0,s2_0_0,s2_0_0,54,768,s1_below_3442
10,2011-01-10,1,0,s1_below_2,s1_below_0,1,s2_0_up,s1_below_1,s1_below_0,s1_below_0,s2_0_0,s1_below_0,41,1280,s1_below_3442
11,2011-01-11,1,0,s1_below_2,s1_below_0,2,s2_0_up,s2_1_2,s1_below_0,s1_below_0,s2_0_0,s1_below_0,43,1220,s1_below_3442
12,2011-01-12,1,0,s1_below_2,s1_below_0,3,s2_0_up,s1_below_1,s1_below_0,s1_below_0,s2_0_0,s1_below_0,25,1137,s1_below_3442
13,2011-01-13,1,0,s1_below_2,s1_below_0,4,s2_0_up,s1_below_1,s1_below_0,s1_below_0,s2_0_0,s1_below_0,38,1368,s1_below_3442
14,2011-01-14,1,0,s1_below_2,s1_below_0,5,s2_0_up,s1_below_1,s1_below_0,s1_below_0,s2_0_0,s1_below_0,54,1367,s1_below_3442
15,2011-01-15,1,0,s1_below_2,s1_below_0,6,s1_below_0,s2_1_2,s1_below_0,s1_below_0,s2_0_0,s1_below_0,222,1026,s1_below_3442
16,2011-01-16,1,0,s1_below_2,s1_below_0,0,s1_below_0,s1_below_1,s1_below_0,s1_below_0,s2_0_0,s1_below_0,251,953,s1_below_3442
17,2011-01-17,1,0,s1_below_2,s2_0_up,1,s1_below_0,s2_1_2,s1_below_0,s1_below_0,s2_0_0,s1_below_0,117,883,s1_below_3442
18,2011-01-18,1,0,s1_below_2,s1_below_0,2,s2_0_up,s2_1_2,s1_below_0,s1_below_0,s3_0_up,s1_below_0,9,674,s1_below_3442
19,2011-01-19,1,0,s1_below_2,s1_below_0,3,s2_0_up,s2_1_2,s1_below_0,s1_below_0,s2_0_0,s1_below_0,78,1572,s1_below_3442
20,2011-01-20,1,0,s1_below_2,s1_below_0,4,s2_0_up,s2_1_2,s1_below_0,s1_below_0,s2_0_0,s1_below_0,83,1844,s1_below_3442
21,2011-01-21,1,0,s1_below_2,s1_below_0,5,s2_0_up,s1_below_1,s1_below_0,s1_below_0,s2_0_0,s2_0_0,75,1468,s1_below_3442
22,2011-01-22,1,0,s1_below_2,s1_below_0,6,s1_below_0,s1_below_1,s1_below_0,s1_below_0,s2_0_0,s1_below_0,93,888,s1_below_3442
23,2011-01-23,1,0,s1_below_2,s1_below_0,0,s1_below_0,s1_below_1,s1_below_0,s1_below_0,s2_0_0,s1_below_0,150,836,s1_below_3442
24,2011-01-24,1,0,s1_below_2,s1_below_0,1,s2_0_up,s1_below_1,s1_below_0,s1_below_0,s2_0_0,s1_below_0,86,1330,s1_below_3442
25,2011-01-25,1,0,s1_below_2,s1_below_0,2,s2_0_up,s2_1_2,s1_below_0,s1_below_0,s2_0_0,s1_below_0,186,1799,s1_below_3442
26,2011-01-26,1,0,s1_below_2,s1_below_0,3,s2_0_up,s3_2_up,s1_below_0,s1_below_0,s3_0_up,s1_below_0,34,472,s1_below_3442
27,2011-01-27,1,0,s1_below_2,s1_below_0,4,s2_0_up,s1_below_1,s1_below_0,s1_below_0,s2_0_0,s1_below_0,15,416,s1_below_3442
28,2011-01-28,1,0,s1_below_2,s1_below_0,5,s2_0_up,s2_1_2,s1_below_0,s1_below_0,s3_0_up,s1_below_0,38,1129,s1_below_3442
29,2011-01-29,1,0,s1_below_2,s1_below_0,6,s1_below_0,s1_below_1,s1_below_0,s1_below_0,s2_0_0,s1_below_0,123,975,s1_below_3442
30,2011-01-30,1,0,s1_below_2,s1_below_0,0,s1_below_0,s1_below_1,s1_below_0,s1_below_0,s2_0_0,s1_below_0,140,956,s1_below_3442
31,2011-01-31,1,0,s1_below_2,s1_below_0,1,s2_0_up,s2_1_2,s1_below_0,s1_below_0,s2_0_0,s1_below_0,42,1459,s1_below_3442
32,2011-02-01,1,0,s1_below_2,s1_below_0,2,s2_0_up,s2_1_2,s1_below_0,s1_below_0,s3_0_up,s1_below_0,47,1313,s1_below_3442
33,2011-02-02,1,0,s1_below_2,s1_below_0,3,s2_0_up,s2_1_2,s1_below_0,s1_below_0,s2_0_0,s1_below_0,72,1454,s1_below_3442
34,2011-02-03,1,0,s1_below_2,s1_below_0,4,s2_0_up,s1_below_1,s1_below_0,s1_below_0,s2_0_0,s1_below_0,61,1489,s1_below_3442
35,2011-02-04,1,0,s1_below_2,s1_below_0,5,s2_0_up,s2_1_2,s1_below_0,s1_below_0,s2_0_0,s1_below_0,88,1620,s1_below_3442
36,2011-02-05,1,0,s1_below_2,s1_below_0,6,s1_below_0,s2_1_2,s1_below_0,s1_below_0,s3_0_up,s1_below_0,100,905,s1_below_3442
37,2011-02-06,1,0,s1_below_2,s1_below_0,0,s1_below_0,s1_below_1,s1_below_0,s1_below_0,s2_0_0,s1_below_0,354,1269,s1_below_3442
38,2011-02-07,1,0,s1_below_2,s1_below_0,1,s2_0_up,s1_below_1,s1_below_0,s1_below_0,s2_0_0,s1_below_0,120,1592,s1_below_3442
39,2011-02-08,1,0,s1_below_2,s1_below_0,2,s2_0_up,s1_below_1,s1_below_0,s1_below_0,s2_0_0,s2_0_0,64,1466,s1_below_3442
40,2011-02-09,1,0,s1_below_2,s1_below_0,3,s2_0_up,s2_1_2,s1_below_0,s1_below_0,s2_0_0,s1_below_0,53,1552,s1_below_3442
41,2011-02-10,1,0,s1_below_2,s1_below_0,4,s2_0_up,s1_below_1,s1_below_0,s1_below_0,s2_0_0,s1_below_0,47,1491,s1_below_3442
42,2011-02-11,1,0,s1_below_2,s1_below_0,5,s2_0_up,s1_below_1,s1_below_0,s1_below_0,s2_0_0,s1_below_0,149,1597,s1_below_3442
43,2011-02-12,1,0,s1_below_2,s1_below_0,6,s1_below_0,s1_below_1,s1_below_0,s1_below_0,s2_0_0,s1_below_0,288,1184,s1_below_3442
44,2011-02-13,1,0,s1_below_2,s1_below_0,0,s1_below_0,s1_below_1,s2_0_0,s1_below_0,s2_0_0,s1_below_0,397,1192,s1_below_3442
45,2011-02-14,1,0,s1_below_2,s1_below_0,1,s2_0_up,s1_below_1,s2_0_0,s1_below_0,s2_0_0,s2_0_0,208,1705,s1_below_3442
46,2011-02-15,1,0,s1_below_2,s1_below_0,2,s2_0_up,s1_below_1,s1_below_0,s1_below_0,s2_0_0,s1_below_0,140,1675,s1_below_3442
47,2011-02-16,1,0,s1_below_2,s1_below_0,3,s2_0_up,s1_below_1,s2_0_0,s1_below_0,s2_0_0,s1_below_0,218,1897,s1_below_3442
48,2011-02-17,1,0,s1_below_2,s1_below_0,4,s2_0_up,s1_below_1,s2_0_0,s2_0_0,s2_0_0,s1_below_0,259,2216,s1_below_3442
49,2011-02-18,1,0,s1_below_2,s1_below_0,5,s2_0_up,s1_below_1,s3_0_up,s2_0_0,s2_0_0,s1_below_0,579,2348,s1_below_3442
50,2011-02-19,1,0,s1_below_2,s1_below_0,6,s1_below_0,s1_below_1,s2_0_0,s1_below_0,s2_0_0,s3_0_up,532,1103,s1_below_3442
51,2011-02-20,1,0,s1_below_2,s1_below_0,0,s1_below_0,s1_below_1,s1_below_0,s1_below_0,s2_0_0,s1_below_0,639,1173,s1_below_3442
52,2011-02-21,1,0,s1_below_2,s2_0_up,1,s1_below_0,s2_1_2,s1_below_0,s1_below_0,s2_0_0,s1_below_0,195,912,s1_below_3442
53,2011-02-22,1,0,s1_below_2,s1_below_0,2,s2_0_up,s1_below_1,s1_below_0,s1_below_0,s2_0_0,s1_below_0,74,1376,s1_below_3442
54,2011-02-23,1,0,s1_below_2,s1_below_0,3,s2_0_up,s1_below_1,s1_below_0,s1_below_0,s2_0_0,s1_below_0,139,1778,s1_below_3442
55,2011-02-24,1,0,s1_below_2,s1_below_0,4,s2_0_up,s2_1_2,s1_below_0,s1_below_0,s2_0_0,s1_below_0,100,1707,s1_below_3442
56,2011-02-25,1,0,s1_below_2,s1_below_0,5,s2_0_up,s2_1_2,s2_0_0,s1_below_0,s2_0_0,s2_0_0,120,1341,s1_below_3442
57,2011-02-26,1,0,s1_below_2,s1_below_0,6,s1_below_0,s1_below_1,s1_below_0,s1_below_0,s2_0_0,s1_below_0,424,1545,s1_below_3442
58,2011-02-27,1,0,s1_below_2,s1_below_0,0,s1_below_0,s1_below_1,s2_0_0,s1_below_0,s2_0_0,s1_below_0,694,1708,s1_below_3442
59,2011-02-28,1,0,s1_below_2,s1_below_0,1,s2_0_up,s2_1_2,s2_0_0,s1_below_0,s3_0_up,s1_below_0,81,1365,s1_below_3442
60,2011-03-01,1,0,s2_2_8,s1_below_0,2,s2_0_up,s1_below_1,s1_below_0,s1_below_0,s2_0_0,s1_below_0,137,1714,s1_below_3442
61,2011-03-02,1,0,s2_2_8,s1_below_0,3,s2_0_up,s1_below_1,s2_0_0,s1_below_0,s2_0_0,s1_below_0,231,1903,s1_below_3442
62,2011-03-03,1,0,s2_2_8,s1_below_0,4,s2_0_up,s1_below_1,s1_below_0,s1_below_0,s2_0_0,s1_below_0,123,1562,s1_below_3442
63,2011-03-04,1,0,s2_2_8,s1_below_0,5,s2_0_up,s2_1_2,s1_below_0,s1_below_0,s2_0_0,s1_below_0,214,1730,s1_below_3442
64,2011-03-05,1,0,s2_2_8,s1_below_0,6,s1_below_0,s2_1_2,s2_0_0,s1_below_0,s3_0_up,s1_below_0,640,1437,s1_below_3442
65,2011-03-06,1,0,s2_2_8,s1_below_0,0,s1_below_0,s2_1_2,s2_0_0,s1_below_0,s3_0_up,s2_0_0,114,491,s1_below_3442
66,2011-03-07,1,0,s2_2_8,s1_below_0,1,s2_0_up,s1_below_1,s1_below_0,s1_below_0,s2_0_0,s2_0_0,244,1628,s1_below_3442
67,2011-03-08,1,0,s2_2_8,s1_below_0,2,s2_0_up,s1_below_1,s1_below_0,s1_below_0,s2_0_0,s1_below_0,316,1817,s1_below_3442
68,2011-03-09,1,0,s2_2_8,s1_below_0,3,s2_0_up,s2_1_2,s1_below_0,s1_below_0,s2_0_0,s1_below_0,191,1700,s1_below_3442
69,2011-03-10,1,0,s2_2_8,s1_below_0,4,s2_0_up,s3_2_up,s2_0_0,s1_below_0,s1_below_0,s1_below_0,46,577,s1_below_3442
70,2011-03-11,1,0,s2_2_8,s1_below_0,5,s2_0_up,s2_1_2,s2_0_0,s1_below_0,s2_0_0,s1_below_0,247,1730,s1_below_3442
71,2011-03-12,1,0,s2_2_8,s1_below_0,6,s1_below_0,s1_below_1,s2_0_0,s1_below_0,s2_0_0,s1_below_0,724,1408,s1_below_3442
72,2011-03-13,1,0,s2_2_8,s1_below_0,0,s1_below_0,s1_below_1,s2_0_0,s1_below_0,s2_0_0,s1_below_0,982,1435,s1_below_3442
73,2011-03-14,1,0,s2_2_8,s1_below_0,1,s2_0_up,s1_below_1,s2_0_0,s1_below_0,s2_0_0,s1_below_0,359,1687,s1_below_3442
74,2011-03-15,1,0,s2_2_8,s1_below_0,2,s2_0_up,s2_1_2,s2_0_0,s1_below_0,s2_0_0,s1_below_0,289,1767,s1_below_3442
75,2011-03-16,1,0,s2_2_8,s1_below_0,3,s2_0_up,s2_1_2,s2_0_0,s1_below_0,s2_0_0,s1_below_0,321,1871,s1_below_3442
76,2011-03-17,1,0,s2_2_8,s1_below_0,4,s2_0_up,s1_below_1,s2_0_0,s2_0_0,s2_0_0,s1_below_0,424,2320,s1_below_3442
77,2011-03-18,1,0,s2_2_8,s1_below_0,5,s2_0_up,s1_below_1,s3_0_up,s2_0_0,s2_0_0,s1_below_0,884,2355,s1_below_3442
78,2011-03-19,1,0,s2_2_8,s1_below_0,6,s1_below_0,s1_below_1,s2_0_0,s2_0_0,s2_0_0,s2_0_0,1424,1693,s1_below_3442
79,2011-03-20,1,0,s2_2_8,s1_below_0,0,s1_below_0,s1_below_1,s2_0_0,s1_below_0,s2_0_0,s1_below_0,1047,1424,s1_below_3442
80,2011-03-21,2,0,s2_2_8,s1_below_0,1,s2_0_up,s2_1_2,s2_0_0,s2_0_0,s2_0_0,s1_below_0,401,1676,s1_below_3442
81,2011-03-22,2,0,s2_2_8,s1_below_0,2,s2_0_up,s1_below_1,s2_0_0,s2_0_0,s2_0_0,s1_below_0,460,2243,s1_below_3442
82,2011-03-23,2,0,s2_2_8,s1_below_0,3,s2_0_up,s2_1_2,s2_0_0,s1_below_0,s3_0_up,s1_below_0,203,1918,s1_below_3442
83,2011-03-24,2,0,s2_2_8,s1_below_0,4,s2_0_up,s2_1_2,s1_below_0,s1_below_0,s3_0_up,s1_below_0,166,1699,s1_below_3442
84,2011-03-25,2,0,s2_2_8,s1_below_0,5,s2_0_up,s1_below_1,s1_below_0,s1_below_0,s2_0_0,s1_below_0,300,1910,s1_below_3442
85,2011-03-26,2,0,s2_2_8,s1_below_0,6,s1_below_0,s1_below_1,s1_below_0,s1_below_0,s2_0_0,s1_below_0,981,1515,s1_below_3442
86,2011-03-27,2,0,s2_2_8,s1_below_0,0,s1_below_0,s2_1_2,s1_below_0,s1_below_0,s2_0_0,s1_below_0,472,1221,s1_below_3442
87,2011-03-28,2,0,s2_2_8,s1_below_0,1,s2_0_up,s1_below_1,s1_below_0,s1_below_0,s2_0_0,s1_below_0,222,1806,s1_below_3442
88,2011-03-29,2,0,s2_2_8,s1_below_0,2,s2_0_up,s1_below_1,s1_below_0,s1_below_0,s2_0_0,s1_below_0,317,2108,s1_below_3442
89,2011-03-30,2,0,s2_2_8,s1_below_0,3,s2_0_up,s2_1_2,s1_below_0,s1_below_0,s2_0_0,s1_below_0,168,1368,s1_below_3442
90,2011-03-31,2,0,s2_2_8,s1_below_0,4,s2_0_up,s3_2_up,s1_below_0,s1_below_0,s3_0_up,s1_below_0,179,1506,s1_below_3442
91,2011-04-01,2,0,s2_2_8,s1_below_0,5,s2_0_up,s2_1_2,s1_below_0,s1_below_0,s2_0_0,s1_below_0,307,1920,s1_below_3442
92,2011-04-02,2,0,s2_2_8,s1_below_0,6,s1_below_0,s2_1_2,s2_0_0,s1_below_0,s2_0_0,s1_below_0,898,1354,s1_below_3442
93,2011-04-03,2,0,s2_2_8,s1_below_0,0,s1_below_0,s1_below_1,s2_0_0,s1_below_0,s2_0_0,s1_below_0,1651,1598,s1_below_3442
94,2011-04-04,2,0,s2_2_8,s1_below_0,1,s2_0_up,s1_below_1,s3_0_up,s2_0_0,s2_0_0,s2_0_0,734,2381,s1_below_3442
95,2011-04-05,2,0,s2_2_8,s1_below_0,2,s2_0_up,s2_1_2,s2_0_0,s1_below_0,s2_0_0,s2_0_0,167,1628,s1_below_3442
96,2011-04-06,2,0,s2_2_8,s1_below_0,3,s2_0_up,s1_below_1,s2_0_0,s1_below_0,s2_0_0,s1_below_0,413,2395,s1_below_3442
97,2011-04-07,2,0,s2_2_8,s1_below_0,4,s2_0_up,s1_below_1,s2_0_0,s2_0_0,s2_0_0,s1_below_0,571,2570,s1_below_3442
98,2011-04-08,2,0,s2_2_8,s1_below_0,5,s2_0_up,s2_1_2,s2_0_0,s1_below_0,s3_0_up,s1_below_0,172,1299,s1_below_3442
99,2011-04-09,2,0,s2_2_8,s1_below_0,6,s1_below_0,s2_1_2,s2_0_0,s1_below_0,s3_0_up,s1_below_0,879,1576,s1_below_3442
100,2011-04-10,2,0,s2_2_8,s1_below_0,0,s1_below_0,s2_1_2,s2_0_0,s2_0_0,s3_0_up,s1_below_0,1188,1707,s1_below_3442
101,2011-04-11,2,0,s2_2_8,s1_below_0,1,s2_0_up,s2_1_2,s3_0_up,s2_0_0,s2_0_0,s2_0_0,855,2493,s1_below_3442
102,2011-04-12,2,0,s2_2_8,s1_below_0,2,s2_0_up,s2_1_2,s2_0_0,s2_0_0,s2_0_0,s1_below_0,257,1777,s1_below_3442
103,2011-04-13,2,0,s2_2_8,s1_below_0,3,s2_0_up,s2_1_2,s2_0_0,s2_0_0,s3_0_up,s1_below_0,209,1953,s1_below_3442
104,2011-04-14,2,0,s2_2_8,s1_below_0,4,s2_0_up,s1_below_1,s2_0_0,s2_0_0,s2_0_0,s1_below_0,529,2738,s1_below_3442
105,2011-04-15,2,0,s2_2_8,s2_0_up,5,s1_below_0,s1_below_1,s2_0_0,s2_0_0,s2_0_0,s1_below_0,642,2484,s1_below_3442
106,2011-04-16,2,0,s2_2_8,s1_below_0,6,s1_below_0,s3_2_up,s2_0_0,s2_0_0,s3_0_up,s2_0_0,121,674,s1_below_3442
107,2011-04-17,2,0,s2_2_8,s1_below_0,0,s1_below_0,s1_below_1,s2_0_0,s2_0_0,s2_0_0,s1_below_0,1558,2186,s2_3442_5764
108,2011-04-18,2,0,s2_2_8,s1_below_0,1,s2_0_up,s1_below_1,s2_0_0,s2_0_0,s2_0_0,s1_below_0,669,2760,s1_below_3442
109,2011-04-19,2,0,s2_2_8,s1_below_0,2,s2_0_up,s2_1_2,s2_0_0,s2_0_0,s2_0_0,s1_below_0,409,2795,s1_below_3442
110,2011-04-20,2,0,s2_2_8,s1_below_0,3,s2_0_up,s1_below_1,s3_0_up,s2_0_0,s2_0_0,s1_below_0,613,3331,s2_3442_5764
111,2011-04-21,2,0,s2_2_8,s1_below_0,4,s2_0_up,s1_below_1,s2_0_0,s2_0_0,s2_0_0,s2_0_0,745,3444,s2_3442_5764
112,2011-04-22,2,0,s2_2_8,s1_below_0,5,s2_0_up,s2_1_2,s2_0_0,s1_below_0,s2_0_0,s1_below_0,177,1506,s1_below_3442
113,2011-04-23,2,0,s2_2_8,s1_below_0,6,s1_below_0,s2_1_2,s2_0_0,s2_0_0,s3_0_up,s1_below_0,1462,2574,s2_3442_5764
114,2011-04-24,2,0,s2_2_8,s1_below_0,0,s1_below_0,s2_1_2,s3_0_up,s2_0_0,s3_0_up,s1_below_0,1710,2481,s2_3442_5764
115,2011-04-25,2,0,s2_2_8,s1_below_0,1,s2_0_up,s1_below_1,s3_0_up,s2_0_0,s2_0_0,s1_below_0,773,3300,s2_3442_5764
116,2011-04-26,2,0,s2_2_8,s1_below_0,2,s2_0_up,s1_below_1,s3_0_up,s3_0_up,s2_0_0,s2_0_0,678,3722,s2_3442_5764
117,2011-04-27,2,0,s2_2_8,s1_below_0,3,s2_0_up,s2_1_2,s3_0_up,s2_0_0,s3_0_up,s1_below_0,547,3325,s2_3442_5764
118,2011-04-28,2,0,s2_2_8,s1_below_0,4,s2_0_up,s2_1_2,s3_0_up,s2_0_0,s2_0_0,s2_0_0,569,3489,s2_3442_5764
119,2011-04-29,2,0,s2_2_8,s1_below_0,5,s2_0_up,s1_below_1,s2_0_0,s2_0_0,s2_0_0,s1_below_0,878,3717,s2_3442_5764
120,2011-04-30,2,0,s2_2_8,s1_below_0,6,s1_below_0,s1_below_1,s2_0_0,s2_0_0,s2_0_0,s1_below_0,1965,3347,s2_3442_5764
121,2011-05-01,2,0,s2_2_8,s1_below_0,0,s1_below_0,s2_1_2,s2_0_0,s2_0_0,s2_0_0,s1_below_0,1138,2213,s1_below_3442
122,2011-05-02,2,0,s2_2_8,s1_below_0,1,s2_0_up,s2_1_2,s3_0_up,s2_0_0,s2_0_0,s1_below_0,847,3554,s2_3442_5764
123,2011-05-03,2,0,s2_2_8,s1_below_0,2,s2_0_up,s2_1_2,s3_0_up,s2_0_0,s2_0_0,s2_0_0,603,3848,s2_3442_5764
124,2011-05-04,2,0,s2_2_8,s1_below_0,3,s2_0_up,s2_1_2,s2_0_0,s1_below_0,s2_0_0,s2_0_0,255,2378,s1_below_3442
125,2011-05-05,2,0,s2_2_8,s1_below_0,4,s2_0_up,s1_below_1,s2_0_0,s2_0_0,s2_0_0,s1_below_0,614,3819,s2_3442_5764
126,2011-05-06,2,0,s2_2_8,s1_below_0,5,s2_0_up,s1_below_1,s2_0_0,s2_0_0,s2_0_0,s1_below_0,894,3714,s2_3442_5764
127,2011-05-07,2,0,s2_2_8,s1_below_0,6,s1_below_0,s1_below_1,s3_0_up,s2_0_0,s2_0_0,s1_below_0,1612,3102,s2_3442_5764
128,2011-05-08,2,0,s2_2_8,s1_below_0,0,s1_below_0,s1_below_1,s3_0_up,s2_0_0,s2_0_0,s1_below_0,1401,2932,s2_3442_5764
129,2011-05-09,2,0,s2_2_8,s1_below_0,1,s2_0_up,s1_below_1,s3_0_up,s2_0_0,s2_0_0,s1_below_0,664,3698,s2_3442_5764
130,2011-05-10,2,0,s2_2_8,s1_below_0,2,s2_0_up,s1_below_1,s3_0_up,s2_0_0,s2_0_0,s1_below_0,694,4109,s2_3442_5764
131,2011-05-11,2,0,s2_2_8,s1_below_0,3,s2_0_up,s1_below_1,s3_0_up,s2_0_0,s2_0_0,s1_below_0,550,3632,s2_3442_5764
132,2011-05-12,2,0,s2_2_8,s1_below_0,4,s2_0_up,s1_below_1,s3_0_up,s2_0_0,s2_0_0,s1_below_0,695,4169,s2_3442_5764
133,2011-05-13,2,0,s2_2_8,s1_below_0,5,s2_0_up,s2_1_2,s2_0_0,s2_0_0,s3_0_up,s1_below_0,692,3413,s2_3442_5764
134,2011-05-14,2,0,s2_2_8,s1_below_0,6,s1_below_0,s2_1_2,s3_0_up,s2_0_0,s3_0_up,s1_below_0,902,2507,s1_below_3442
135,2011-05-15,2,0,s2_2_8,s1_below_0,0,s1_below_0,s2_1_2,s3_0_up,s2_0_0,s3_0_up,s1_below_0,1582,2971,s2_3442_5764
136,2011-05-16,2,0,s2_2_8,s1_below_0,1,s2_0_up,s1_below_1,s3_0_up,s2_0_0,s3_0_up,s1_below_0,773,3185,s2_3442_5764
137,2011-05-17,2,0,s2_2_8,s1_below_0,2,s2_0_up,s2_1_2,s3_0_up,s2_0_0,s3_0_up,s1_below_0,678,3445,s2_3442_5764
138,2011-05-18,2,0,s2_2_8,s1_below_0,3,s2_0_up,s2_1_2,s3_0_up,s2_0_0,s3_0_up,s1_below_0,536,3319,s2_3442_5764
139,2011-05-19,2,0,s2_2_8,s1_below_0,4,s2_0_up,s2_1_2,s3_0_up,s2_0_0,s3_0_up,s1_below_0,735,3840,s2_3442_5764
140,2011-05-20,2,0,s2_2_8,s1_below_0,5,s2_0_up,s1_below_1,s3_0_up,s2_0_0,s2_0_0,s1_below_0,909,4008,s2_3442_5764
141,2011-05-21,2,0,s2_2_8,s1_below_0,6,s1_below_0,s1_below_1,s3_0_up,s2_0_0,s2_0_0,s1_below_0,2258,3547,s3_5764_up
142,2011-05-22,2,0,s2_2_8,s1_below_0,0,s1_below_0,s1_below_1,s3_0_up,s2_0_0,s2_0_0,s1_below_0,1576,3084,s2_3442_5764
143,2011-05-23,2,0,s2_2_8,s1_below_0,1,s2_0_up,s2_1_2,s3_0_up,s3_0_up,s3_0_up,s1_below_0,836,3438,s2_3442_5764
144,2011-05-24,2,0,s2_2_8,s1_below_0,2,s2_0_up,s2_1_2,s3_0_up,s3_0_up,s2_0_0,s1_below_0,659,3833,s2_3442_5764
145,2011-05-25,2,0,s2_2_8,s1_below_0,3,s2_0_up,s1_below_1,s3_0_up,s3_0_up,s2_0_0,s1_below_0,740,4238,s2_3442_5764
146,2011-05-26,2,0,s2_2_8,s1_below_0,4,s2_0_up,s1_below_1,s3_0_up,s3_0_up,s2_0_0,s1_below_0,758,3919,s2_3442_5764
147,2011-05-27,2,0,s2_2_8,s1_below_0,5,s2_0_up,s1_below_1,s3_0_up,s3_0_up,s2_0_0,s1_below_0,871,3808,s2_3442_5764
148,2011-05-28,2,0,s2_2_8,s1_below_0,6,s1_below_0,s1_below_1,s3_0_up,s3_0_up,s2_0_0,s1_below_0,2001,2757,s2_3442_5764
149,2011-05-29,2,0,s2_2_8,s1_below_0,0,s1_below_0,s1_below_1,s3_0_up,s3_0_up,s3_0_up,s1_below_0,2355,2433,s2_3442_5764
150,2011-05-30,2,0,s2_2_8,s2_0_up,1,s1_below_0,s1_below_1,s3_0_up,s3_0_up,s2_0_0,s1_below_0,1549,2549,s2_3442_5764
151,2011-05-31,2,0,s2_2_8,s1_below_0,2,s2_0_up,s1_below_1,s3_0_up,s3_0_up,s2_0_0,s1_below_0,673,3309,s2_3442_5764
152,2011-06-01,2,0,s2_2_8,s1_below_0,3,s2_0_up,s2_1_2,s3_0_up,s3_0_up,s2_0_0,s1_below_0,513,3461,s2_3442_5764
153,2011-06-02,2,0,s2_2_8,s1_below_0,4,s2_0_up,s1_below_1,s3_0_up,s3_0_up,s2_0_0,s1_below_0,736,4232,s2_3442_5764
154,2011-06-03,2,0,s2_2_8,s1_below_0,5,s2_0_up,s1_below_1,s3_0_up,s3_0_up,s2_0_0,s1_below_0,898,4414,s2_3442_5764
155,2011-06-04,2,0,s2_2_8,s1_below_0,6,s1_below_0,s1_below_1,s3_0_up,s3_0_up,s2_0_0,s1_below_0,1869,3473,s2_3442_5764
156,2011-06-05,2,0,s2_2_8,s1_below_0,0,s1_below_0,s2_1_2,s3_0_up,s3_0_up,s2_0_0,s1_below_0,1685,3221,s2_3442_5764
157,2011-06-06,2,0,s2_2_8,s1_below_0,1,s2_0_up,s1_below_1,s3_0_up,s3_0_up,s2_0_0,s1_below_0,673,3875,s2_3442_5764
158,2011-06-07,2,0,s2_2_8,s1_below_0,2,s2_0_up,s1_below_1,s3_0_up,s3_0_up,s2_0_0,s1_below_0,763,4070,s2_3442_5764
159,2011-06-08,2,0,s2_2_8,s1_below_0,3,s2_0_up,s1_below_1,s3_0_up,s3_0_up,s2_0_0,s1_below_0,676,3725,s2_3442_5764
160,2011-06-09,2,0,s2_2_8,s1_below_0,4,s2_0_up,s2_1_2,s3_0_up,s3_0_up,s2_0_0,s1_below_0,563,3352,s2_3442_5764
161,2011-06-10,2,0,s2_2_8,s1_below_0,5,s2_0_up,s1_below_1,s3_0_up,s3_0_up,s2_0_0,s1_below_0,815,3771,s2_3442_5764
162,2011-06-11,2,0,s2_2_8,s1_below_0,6,s1_below_0,s1_below_1,s3_0_up,s3_0_up,s2_0_0,s1_below_0,1729,3237,s2_3442_5764
163,2011-06-12,2,0,s2_2_8,s1_below_0,0,s1_below_0,s1_below_1,s3_0_up,s3_0_up,s2_0_0,s1_below_0,1467,2993,s2_3442_5764
164,2011-06-13,2,0,s2_2_8,s1_below_0,1,s2_0_up,s1_below_1,s3_0_up,s3_0_up,s2_0_0,s1_below_0,863,4157,s2_3442_5764
165,2011-06-14,2,0,s2_2_8,s1_below_0,2,s2_0_up,s1_below_1,s3_0_up,s3_0_up,s2_0_0,s1_below_0,727,4164,s2_3442_5764
166,2011-06-15,2,0,s2_2_8,s1_below_0,3,s2_0_up,s1_below_1,s3_0_up,s3_0_up,s2_0_0,s1_below_0,769,4411,s2_3442_5764
167,2011-06-16,2,0,s2_2_8,s1_below_0,4,s2_0_up,s2_1_2,s3_0_up,s3_0_up,s2_0_0,s1_below_0,545,3222,s2_3442_5764
168,2011-06-17,2,0,s2_2_8,s1_below_0,5,s2_0_up,s1_below_1,s3_0_up,s3_0_up,s2_0_0,s1_below_0,863,3981,s2_3442_5764
169,2011-06-18,2,0,s2_2_8,s1_below_0,6,s1_below_0,s1_below_1,s3_0_up,s3_0_up,s2_0_0,s1_below_0,1807,3312,s2_3442_5764
170,2011-06-19,2,0,s2_2_8,s1_below_0,0,s1_below_0,s2_1_2,s3_0_up,s3_0_up,s2_0_0,s1_below_0,1639,3105,s2_3442_5764
171,2011-06-20,2,0,s2_2_8,s1_below_0,1,s2_0_up,s2_1_2,s3_0_up,s3_0_up,s2_0_0,s1_below_0,699,3311,s2_3442_5764
172,2011-06-21,3,0,s2_2_8,s1_below_0,2,s2_0_up,s2_1_2,s3_0_up,s3_0_up,s2_0_0,s1_below_0,774,4061,s2_3442_5764
173,2011-06-22,3,0,s2_2_8,s1_below_0,3,s2_0_up,s1_below_1,s3_0_up,s3_0_up,s2_0_0,s1_below_0,661,3846,s2_3442_5764
174,2011-06-23,3,0,s2_2_8,s1_below_0,4,s2_0_up,s2_1_2,s3_0_up,s3_0_up,s2_0_0,s1_below_0,746,4044,s2_3442_5764
175,2011-06-24,3,0,s2_2_8,s1_below_0,5,s2_0_up,s1_below_1,s3_0_up,s3_0_up,s2_0_0,s1_below_0,969,4022,s2_3442_5764
176,2011-06-25,3,0,s2_2_8,s1_below_0,6,s1_below_0,s1_below_1,s3_0_up,s3_0_up,s2_0_0,s1_below_0,1782,3420,s2_3442_5764
177,2011-06-26,3,0,s2_2_8,s1_below_0,0,s1_below_0,s1_below_1,s3_0_up,s3_0_up,s2_0_0,s1_below_0,1920,3385,s2_3442_5764
178,2011-06-27,3,0,s2_2_8,s1_below_0,1,s2_0_up,s2_1_2,s3_0_up,s3_0_up,s2_0_0,s1_below_0,854,3854,s2_3442_5764
179,2011-06-28,3,0,s2_2_8,s1_below_0,2,s2_0_up,s1_below_1,s3_0_up,s3_0_up,s2_0_0,s1_below_0,732,3916,s2_3442_5764
180,2011-06-29,3,0,s2_2_8,s1_below_0,3,s2_0_up,s1_below_1,s3_0_up,s3_0_up,s2_0_0,s1_below_0,848,4377,s2_3442_5764
181,2011-06-30,3,0,s2_2_8,s1_below_0,4,s2_0_up,s1_below_1,s3_0_up,s3_0_up,s2_0_0,s1_below_0,1027,4488,s2_3442_5764
182,2011-07-01,3,0,s2_2_8,s1_below_0,5,s2_0_up,s1_below_1,s3_0_up,s3_0_up,s2_0_0,s1_below_0,1246,4116,s2_3442_5764
183,2011-07-02,3,0,s2_2_8,s1_below_0,6,s1_below_0,s1_below_1,s3_0_up,s3_0_up,s2_0_0,s1_below_0,2204,2915,s2_3442_5764
184,2011-07-03,3,0,s2_2_8,s1_below_0,0,s1_below_0,s2_1_2,s3_0_up,s3_0_up,s2_0_0,s1_below_0,2282,2367,s2_3442_5764
185,2011-07-04,3,0,s2_2_8,s2_0_up,1,s1_below_0,s2_1_2,s3_0_up,s3_0_up,s2_0_0,s1_below_0,3065,2978,s3_5764_up
186,2011-07-05,3,0,s2_2_8,s1_below_0,2,s2_0_up,s1_below_1,s3_0_up,s3_0_up,s2_0_0,s1_below_0,1031,3634,s2_3442_5764
187,2011-07-06,3,0,s2_2_8,s1_below_0,3,s2_0_up,s1_below_1,s3_0_up,s3_0_up,s2_0_0,s1_below_0,784,3845,s2_3442_5764
188,2011-07-07,3,0,s2_2_8,s1_below_0,4,s2_0_up,s1_below_1,s3_0_up,s3_0_up,s2_0_0,s1_below_0,754,3838,s2_3442_5764
189,2011-07-08,3,0,s2_2_8,s1_below_0,5,s2_0_up,s2_1_2,s3_0_up,s3_0_up,s2_0_0,s1_below_0,692,3348,s2_3442_5764
190,2011-07-09,3,0,s2_2_8,s1_below_0,6,s1_below_0,s1_below_1,s3_0_up,s3_0_up,s2_0_0,s1_below_0,1988,3348,s2_3442_5764
191,2011-07-10,3,0,s2_2_8,s1_below_0,0,s1_below_0,s1_below_1,s3_0_up,s3_0_up,s2_0_0,s1_below_0,1743,3138,s2_3442_5764
192,2011-07-11,3,0,s2_2_8,s1_below_0,1,s2_0_up,s1_below_1,s3_0_up,s3_0_up,s2_0_0,s1_below_0,723,3363,s2_3442_5764
193,2011-07-12,3,0,s2_2_8,s1_below_0,2,s2_0_up,s1_below_1,s3_0_up,s3_0_up,s2_0_0,s1_below_0,662,3596,s2_3442_5764
194,2011-07-13,3,0,s2_2_8,s1_below_0,3,s2_0_up,s1_below_1,s3_0_up,s3_0_up,s2_0_0,s1_below_0,748,3594,s2_3442_5764
195,2011-07-14,3,0,s2_2_8,s1_below_0,4,s2_0_up,s1_below_1,s3_0_up,s3_0_up,s2_0_0,s1_below_0,888,4196,s2_3442_5764
196,2011-07-15,3,0,s2_2_8,s1_below_0,5,s2_0_up,s1_below_1,s3_0_up,s3_0_up,s2_0_0,s1_below_0,1318,4220,s2_3442_5764
197,2011-07-16,3,0,s2_2_8,s1_below_0,6,s1_below_0,s1_below_1,s3_0_up,s3_0_up,s2_0_0,s1_below_0,2418,3505,s3_5764_up
198,2011-07-17,3,0,s2_2_8,s1_below_0,0,s1_below_0,s1_below_1,s3_0_up,s3_0_up,s2_0_0,s1_below_0,2006,3296,s2_3442_5764
199,2011-07-18,3,0,s2_2_8,s1_below_0,1,s2_0_up,s1_below_1,s3_0_up,s3_0_up,s2_0_0,s1_below_0,841,3617,s2_3442_5764
200,2011-07-19,3,0,s2_2_8,s1_below_0,2,s2_0_up,s1_below_1,s3_0_up,s3_0_up,s2_0_0,s1_below_0,752,3789,s2_3442_5764
201,2011-07-20,3,0,s2_2_8,s1_below_0,3,s2_0_up,s1_below_1,s3_0_up,s3_0_up,s2_0_0,s1_below_0,644,3688,s2_3442_5764
202,2011-07-21,3,0,s2_2_8,s1_below_0,4,s2_0_up,s2_1_2,s3_0_up,s3_0_up,s2_0_0,s1_below_0,632,3152,s2_3442_5764
203,2011-07-22,3,0,s2_2_8,s1_below_0,5,s2_0_up,s1_below_1,s3_0_up,s3_0_up,s2_0_0,s1_below_0,562,2825,s1_below_3442
204,2011-07-23,3,0,s2_2_8,s1_below_0,6,s1_below_0,s1_below_1,s3_0_up,s3_0_up,s2_0_0,s1_below_0,987,2298,s1_below_3442
205,2011-07-24,3,0,s2_2_8,s1_below_0,0,s1_below_0,s1_below_1,s3_0_up,s3_0_up,s2_0_0,s1_below_0,1050,2556,s2_3442_5764
206,2011-07-25,3,0,s2_2_8,s1_below_0,1,s2_0_up,s1_below_1,s3_0_up,s3_0_up,s2_0_0,s1_below_0,568,3272,s2_3442_5764
207,2011-07-26,3,0,s2_2_8,s1_below_0,2,s2_0_up,s1_below_1,s3_0_up,s3_0_up,s2_0_0,s1_below_0,750,3840,s2_3442_5764
208,2011-07-27,3,0,s2_2_8,s1_below_0,3,s2_0_up,s1_below_1,s3_0_up,s3_0_up,s2_0_0,s1_below_0,755,3901,s2_3442_5764
209,2011-07-28,3,0,s2_2_8,s1_below_0,4,s2_0_up,s1_below_1,s3_0_up,s3_0_up,s2_0_0,s1_below_0,606,3784,s2_3442_5764
210,2011-07-29,3,0,s2_2_8,s1_below_0,5,s2_0_up,s1_below_1,s3_0_up,s3_0_up,s2_0_0,s1_below_0,670,3176,s2_3442_5764
211,2011-07-30,3,0,s2_2_8,s1_below_0,6,s1_below_0,s1_below_1,s3_0_up,s3_0_up,s2_0_0,s1_below_0,1559,2916,s2_3442_5764
212,2011-07-31,3,0,s2_2_8,s1_below_0,0,s1_below_0,s1_below_1,s3_0_up,s3_0_up,s2_0_0,s1_below_0,1524,2778,s2_3442_5764
213,2011-08-01,3,0,s2_2_8,s1_below_0,1,s2_0_up,s1_below_1,s3_0_up,s3_0_up,s2_0_0,s1_below_0,729,3537,s2_3442_5764
214,2011-08-02,3,0,s2_2_8,s1_below_0,2,s2_0_up,s1_below_1,s3_0_up,s3_0_up,s2_0_0,s1_below_0,801,4044,s2_3442_5764
215,2011-08-03,3,0,s2_2_8,s1_below_0,3,s2_0_up,s2_1_2,s3_0_up,s3_0_up,s2_0_0,s1_below_0,467,3107,s2_3442_5764
216,2011-08-04,3,0,s2_2_8,s1_below_0,4,s2_0_up,s2_1_2,s3_0_up,s3_0_up,s2_0_0,s1_below_0,799,3777,s2_3442_5764
217,2011-08-05,3,0,s2_2_8,s1_below_0,5,s2_0_up,s1_below_1,s3_0_up,s3_0_up,s2_0_0,s1_below_0,1023,3843,s2_3442_5764
218,2011-08-06,3,0,s2_2_8,s1_below_0,6,s1_below_0,s2_1_2,s3_0_up,s3_0_up,s2_0_0,s1_below_0,1521,2773,s2_3442_5764
219,2011-08-07,3,0,s2_2_8,s1_below_0,0,s1_below_0,s1_below_1,s3_0_up,s3_0_up,s2_0_0,s1_below_0,1298,2487,s2_3442_5764
220,2011-08-08,3,0,s2_2_8,s1_below_0,1,s2_0_up,s1_below_1,s3_0_up,s3_0_up,s2_0_0,s1_below_0,846,3480,s2_3442_5764
221,2011-08-09,3,0,s2_2_8,s1_below_0,2,s2_0_up,s1_below_1,s3_0_up,s3_0_up,s2_0_0,s1_below_0,907,3695,s2_3442_5764
222,2011-08-10,3,0,s2_2_8,s1_below_0,3,s2_0_up,s1_below_1,s3_0_up,s3_0_up,s2_0_0,s1_below_0,884,3896,s2_3442_5764
223,2011-08-11,3,0,s2_2_8,s1_below_0,4,s2_0_up,s1_below_1,s3_0_up,s3_0_up,s2_0_0,s1_below_0,812,3980,s2_3442_5764
224,2011-08-12,3,0,s2_2_8,s1_below_0,5,s2_0_up,s1_below_1,s3_0_up,s3_0_up,s2_0_0,s1_below_0,1051,3854,s2_3442_5764
225,2011-08-13,3,0,s2_2_8,s1_below_0,6,s1_below_0,s2_1_2,s3_0_up,s3_0_up,s2_0_0,s1_below_0,1504,2646,s2_3442_5764
226,2011-08-14,3,0,s2_2_8,s1_below_0,0,s1_below_0,s2_1_2,s3_0_up,s3_0_up,s3_0_up,s1_below_0,1338,2482,s2_3442_5764
227,2011-08-15,3,0,s2_2_8,s1_below_0,1,s2_0_up,s1_below_1,s3_0_up,s3_0_up,s2_0_0,s1_below_0,775,3563,s2_3442_5764
228,2011-08-16,3,0,s2_2_8,s1_below_0,2,s2_0_up,s1_below_1,s3_0_up,s3_0_up,s2_0_0,s1_below_0,721,4004,s2_3442_5764
229,2011-08-17,3,0,s2_2_8,s1_below_0,3,s2_0_up,s1_below_1,s3_0_up,s3_0_up,s2_0_0,s1_below_0,668,4026,s2_3442_5764
230,2011-08-18,3,0,s2_2_8,s1_below_0,4,s2_0_up,s1_below_1,s3_0_up,s3_0_up,s2_0_0,s1_below_0,639,3166,s2_3442_5764
231,2011-08-19,3,0,s2_2_8,s1_below_0,5,s2_0_up,s2_1_2,s3_0_up,s3_0_up,s2_0_0,s1_below_0,797,3356,s2_3442_5764
232,2011-08-20,3,0,s2_2_8,s1_below_0,6,s1_below_0,s1_below_1,s3_0_up,s3_0_up,s2_0_0,s1_below_0,1914,3277,s2_3442_5764
233,2011-08-21,3,0,s2_2_8,s1_below_0,0,s1_below_0,s1_below_1,s3_0_up,s3_0_up,s2_0_0,s1_below_0,1249,2624,s2_3442_5764
234,2011-08-22,3,0,s2_2_8,s1_below_0,1,s2_0_up,s1_below_1,s3_0_up,s3_0_up,s2_0_0,s1_below_0,833,3925,s2_3442_5764
235,2011-08-23,3,0,s2_2_8,s1_below_0,2,s2_0_up,s1_below_1,s3_0_up,s3_0_up,s2_0_0,s1_below_0,1281,4614,s3_5764_up
236,2011-08-24,3,0,s2_2_8,s1_below_0,3,s2_0_up,s1_below_1,s3_0_up,s3_0_up,s2_0_0,s1_below_0,949,4181,s2_3442_5764
237,2011-08-25,3,0,s2_2_8,s1_below_0,4,s2_0_up,s2_1_2,s3_0_up,s3_0_up,s2_0_0,s1_below_0,435,3107,s2_3442_5764
238,2011-08-26,3,0,s2_2_8,s1_below_0,5,s2_0_up,s1_below_1,s3_0_up,s3_0_up,s2_0_0,s1_below_0,768,3893,s2_3442_5764
239,2011-08-27,3,0,s2_2_8,s1_below_0,6,s1_below_0,s2_1_2,s3_0_up,s3_0_up,s3_0_up,s2_0_0,226,889,s1_below_3442
240,2011-08-28,3,0,s2_2_8,s1_below_0,0,s1_below_0,s1_below_1,s3_0_up,s3_0_up,s2_0_0,s1_below_0,1415,2919,s2_3442_5764
241,2011-08-29,3,0,s2_2_8,s1_below_0,1,s2_0_up,s1_below_1,s3_0_up,s3_0_up,s2_0_0,s1_below_0,729,3905,s2_3442_5764
242,2011-08-30,3,0,s2_2_8,s1_below_0,2,s2_0_up,s1_below_1,s3_0_up,s3_0_up,s2_0_0,s1_below_0,775,4429,s2_3442_5764
243,2011-08-31,3,0,s2_2_8,s1_below_0,3,s2_0_up,s1_below_1,s3_0_up,s3_0_up,s2_0_0,s1_below_0,688,4370,s2_3442_5764
244,2011-09-01,3,0,s3_8_up,s1_below_0,4,s2_0_up,s1_below_1,s3_0_up,s3_0_up,s2_0_0,s1_below_0,783,4332,s2_3442_5764
245,2011-09-02,3,0,s3_8_up,s1_below_0,5,s2_0_up,s2_1_2,s3_0_up,s3_0_up,s2_0_0,s1_below_0,875,3852,s2_3442_5764
246,2011-09-03,3,0,s3_8_up,s1_below_0,6,s1_below_0,s1_below_1,s3_0_up,s3_0_up,s2_0_0,s1_below_0,1935,2549,s2_3442_5764
247,2011-09-04,3,0,s3_8_up,s1_below_0,0,s1_below_0,s1_below_1,s3_0_up,s3_0_up,s2_0_0,s1_below_0,2521,2419,s2_3442_5764
248,2011-09-05,3,0,s3_8_up,s2_0_up,1,s1_below_0,s2_1_2,s3_0_up,s3_0_up,s3_0_up,s1_below_0,1236,2115,s1_below_3442
249,2011-09-06,3,0,s3_8_up,s1_below_0,2,s2_0_up,s3_2_up,s3_0_up,s2_0_0,s3_0_up,s2_0_0,204,2506,s1_below_3442
250,2011-09-07,3,0,s3_8_up,s1_below_0,3,s2_0_up,s3_2_up,s3_0_up,s2_0_0,s3_0_up,s1_below_0,118,1878,s1_below_3442
251,2011-09-08,3,0,s3_8_up,s1_below_0,4,s2_0_up,s3_2_up,s3_0_up,s2_0_0,s3_0_up,s1_below_0,153,1689,s1_below_3442
252,2011-09-09,3,0,s3_8_up,s1_below_0,5,s2_0_up,s2_1_2,s3_0_up,s2_0_0,s3_0_up,s1_below_0,417,3127,s2_3442_5764
253,2011-09-10,3,0,s3_8_up,s1_below_0,6,s1_below_0,s1_below_1,s3_0_up,s3_0_up,s2_0_0,s1_below_0,1750,3595,s2_3442_5764
254,2011-09-11,3,0,s3_8_up,s1_below_0,0,s1_below_0,s1_below_1,s3_0_up,s3_0_up,s2_0_0,s1_below_0,1633,3413,s2_3442_5764
255,2011-09-12,3,0,s3_8_up,s1_below_0,1,s2_0_up,s1_below_1,s3_0_up,s3_0_up,s2_0_0,s1_below_0,690,4023,s2_3442_5764
256,2011-09-13,3,0,s3_8_up,s1_below_0,2,s2_0_up,s1_below_1,s3_0_up,s3_0_up,s2_0_0,s1_below_0,701,4062,s2_3442_5764
257,2011-09-14,3,0,s3_8_up,s1_below_0,3,s2_0_up,s1_below_1,s3_0_up,s3_0_up,s2_0_0,s1_below_0,647,4138,s2_3442_5764
258,2011-09-15,3,0,s3_8_up,s1_below_0,4,s2_0_up,s2_1_2,s3_0_up,s2_0_0,s2_0_0,s1_below_0,428,3231,s2_3442_5764
259,2011-09-16,3,0,s3_8_up,s1_below_0,5,s2_0_up,s2_1_2,s2_0_0,s2_0_0,s2_0_0,s1_below_0,742,4018,s2_3442_5764
260,2011-09-17,3,0,s3_8_up,s1_below_0,6,s1_below_0,s2_1_2,s2_0_0,s2_0_0,s2_0_0,s1_below_0,1434,3077,s2_3442_5764
261,2011-09-18,3,0,s3_8_up,s1_below_0,0,s1_below_0,s1_below_1,s2_0_0,s2_0_0,s2_0_0,s1_below_0,1353,2921,s2_3442_5764
262,2011-09-19,3,0,s3_8_up,s1_below_0,1,s2_0_up,s2_1_2,s3_0_up,s2_0_0,s2_0_0,s1_below_0,691,3848,s2_3442_5764
263,2011-09-20,3,0,s3_8_up,s1_below_0,2,s2_0_up,s2_1_2,s3_0_up,s2_0_0,s3_0_up,s1_below_0,438,3203,s2_3442_5764
264,2011-09-21,3,0,s3_8_up,s1_below_0,3,s2_0_up,s2_1_2,s3_0_up,s2_0_0,s3_0_up,s1_below_0,539,3813,s2_3442_5764
265,2011-09-22,3,0,s3_8_up,s1_below_0,4,s2_0_up,s2_1_2,s3_0_up,s2_0_0,s3_0_up,s1_below_0,555,4240,s2_3442_5764
266,2011-09-23,4,0,s3_8_up,s1_below_0,5,s2_0_up,s2_1_2,s3_0_up,s2_0_0,s3_0_up,s1_below_0,258,2137,s1_below_3442
267,2011-09-24,4,0,s3_8_up,s1_below_0,6,s1_below_0,s2_1_2,s3_0_up,s2_0_0,s3_0_up,s1_below_0,1776,3647,s2_3442_5764
268,2011-09-25,4,0,s3_8_up,s1_below_0,0,s1_below_0,s2_1_2,s3_0_up,s2_0_0,s3_0_up,s1_below_0,1544,3466,s2_3442_5764
269,2011-09-26,4,0,s3_8_up,s1_below_0,1,s2_0_up,s2_1_2,s3_0_up,s3_0_up,s3_0_up,s1_below_0,684,3946,s2_3442_5764
270,2011-09-27,4,0,s3_8_up,s1_below_0,2,s2_0_up,s2_1_2,s3_0_up,s2_0_0,s3_0_up,s1_below_0,477,3643,s2_3442_5764
271,2011-09-28,4,0,s3_8_up,s1_below_0,3,s2_0_up,s2_1_2,s3_0_up,s2_0_0,s3_0_up,s1_below_0,480,3427,s2_3442_5764
272,2011-09-29,4,0,s3_8_up,s1_below_0,4,s2_0_up,s1_below_1,s3_0_up,s2_0_0,s2_0_0,s1_below_0,653,4186,s2_3442_5764
273,2011-09-30,4,0,s3_8_up,s1_below_0,5,s2_0_up,s1_below_1,s3_0_up,s2_0_0,s2_0_0,s1_below_0,830,4372,s2_3442_5764
274,2011-10-01,4,0,s3_8_up,s1_below_0,6,s1_below_0,s2_1_2,s2_0_0,s2_0_0,s2_0_0,s1_below_0,480,1949,s1_below_3442
275,2011-10-02,4,0,s3_8_up,s1_below_0,0,s1_below_0,s2_1_2,s2_0_0,s1_below_0,s3_0_up,s1_below_0,616,2302,s1_below_3442
276,2011-10-03,4,0,s3_8_up,s1_below_0,1,s2_0_up,s2_1_2,s2_0_0,s1_below_0,s2_0_0,s1_below_0,330,3240,s2_3442_5764
277,2011-10-04,4,0,s3_8_up,s1_below_0,2,s2_0_up,s1_below_1,s2_0_0,s2_0_0,s2_0_0,s1_below_0,486,3970,s2_3442_5764
278,2011-10-05,4,0,s3_8_up,s1_below_0,3,s2_0_up,s1_below_1,s3_0_up,s2_0_0,s2_0_0,s1_below_0,559,4267,s2_3442_5764
279,2011-10-06,4,0,s3_8_up,s1_below_0,4,s2_0_up,s1_below_1,s2_0_0,s2_0_0,s2_0_0,s1_below_0,639,4126,s2_3442_5764
280,2011-10-07,4,0,s3_8_up,s1_below_0,5,s2_0_up,s1_below_1,s2_0_0,s2_0_0,s2_0_0,s1_below_0,949,4036,s2_3442_5764
281,2011-10-08,4,0,s3_8_up,s1_below_0,6,s1_below_0,s1_below_1,s3_0_up,s2_0_0,s2_0_0,s1_below_0,2235,3174,s2_3442_5764
282,2011-10-09,4,0,s3_8_up,s1_below_0,0,s1_below_0,s1_below_1,s3_0_up,s2_0_0,s2_0_0,s1_below_0,2397,3114,s2_3442_5764
283,2011-10-10,4,0,s3_8_up,s2_0_up,1,s1_below_0,s1_below_1,s3_0_up,s2_0_0,s2_0_0,s1_below_0,1514,3603,s2_3442_5764
284,2011-10-11,4,0,s3_8_up,s1_below_0,2,s2_0_up,s2_1_2,s3_0_up,s2_0_0,s3_0_up,s1_below_0,667,3896,s2_3442_5764
285,2011-10-12,4,0,s3_8_up,s1_below_0,3,s2_0_up,s3_2_up,s3_0_up,s2_0_0,s3_0_up,s1_below_0,217,2199,s1_below_3442
286,2011-10-13,4,0,s3_8_up,s1_below_0,4,s2_0_up,s2_1_2,s3_0_up,s2_0_0,s3_0_up,s1_below_0,290,2623,s1_below_3442
287,2011-10-14,4,0,s3_8_up,s1_below_0,5,s2_0_up,s2_1_2,s3_0_up,s2_0_0,s2_0_0,s1_below_0,529,3115,s2_3442_5764
288,2011-10-15,4,0,s3_8_up,s1_below_0,6,s1_below_0,s1_below_1,s2_0_0,s2_0_0,s2_0_0,s1_below_0,1899,3318,s2_3442_5764
289,2011-10-16,4,0,s3_8_up,s1_below_0,0,s1_below_0,s1_below_1,s2_0_0,s2_0_0,s2_0_0,s1_below_0,1748,3293,s2_3442_5764
290,2011-10-17,4,0,s3_8_up,s1_below_0,1,s2_0_up,s1_below_1,s3_0_up,s2_0_0,s2_0_0,s1_below_0,713,3857,s2_3442_5764
291,2011-10-18,4,0,s3_8_up,s1_below_0,2,s2_0_up,s2_1_2,s3_0_up,s2_0_0,s2_0_0,s1_below_0,637,4111,s2_3442_5764
292,2011-10-19,4,0,s3_8_up,s1_below_0,3,s2_0_up,s3_2_up,s3_0_up,s2_0_0,s3_0_up,s1_below_0,254,2170,s1_below_3442
293,2011-10-20,4,0,s3_8_up,s1_below_0,4,s2_0_up,s1_below_1,s2_0_0,s2_0_0,s2_0_0,s2_0_0,471,3724,s2_3442_5764
294,2011-10-21,4,0,s3_8_up,s1_below_0,5,s2_0_up,s1_below_1,s2_0_0,s2_0_0,s2_0_0,s1_below_0,676,3628,s2_3442_5764
295,2011-10-22,4,0,s3_8_up,s1_below_0,6,s1_below_0,s1_below_1,s2_0_0,s2_0_0,s2_0_0,s1_below_0,1499,2809,s2_3442_5764
296,2011-10-23,4,0,s3_8_up,s1_below_0,0,s1_below_0,s1_below_1,s2_0_0,s2_0_0,s2_0_0,s1_below_0,1619,2762,s2_3442_5764
297,2011-10-24,4,0,s3_8_up,s1_below_0,1,s2_0_up,s1_below_1,s2_0_0,s2_0_0,s2_0_0,s1_below_0,699,3488,s2_3442_5764
298,2011-10-25,4,0,s3_8_up,s1_below_0,2,s2_0_up,s1_below_1,s2_0_0,s2_0_0,s2_0_0,s1_below_0,695,3992,s2_3442_5764
299,2011-10-26,4,0,s3_8_up,s1_below_0,3,s2_0_up,s2_1_2,s2_0_0,s2_0_0,s2_0_0,s1_below_0,404,3490,s2_3442_5764
300,2011-10-27,4,0,s3_8_up,s1_below_0,4,s2_0_up,s2_1_2,s2_0_0,s2_0_0,s3_0_up,s1_below_0,240,2419,s1_below_3442
301,2011-10-28,4,0,s3_8_up,s1_below_0,5,s2_0_up,s2_1_2,s2_0_0,s1_below_0,s2_0_0,s1_below_0,456,3291,s2_3442_5764
302,2011-10-29,4,0,s3_8_up,s1_below_0,6,s1_below_0,s3_2_up,s1_below_0,s1_below_0,s3_0_up,s2_0_0,57,570,s1_below_3442
303,2011-10-30,4,0,s3_8_up,s1_below_0,0,s1_below_0,s1_below_1,s2_0_0,s1_below_0,s2_0_0,s1_below_0,885,2446,s1_below_3442
304,2011-10-31,4,0,s3_8_up,s1_below_0,1,s2_0_up,s1_below_1,s2_0_0,s1_below_0,s2_0_0,s1_below_0,362,3307,s2_3442_5764
305,2011-11-01,4,0,s3_8_up,s1_below_0,2,s2_0_up,s1_below_1,s2_0_0,s1_below_0,s2_0_0,s1_below_0,410,3658,s2_3442_5764
306,2011-11-02,4,0,s3_8_up,s1_below_0,3,s2_0_up,s1_below_1,s2_0_0,s1_below_0,s2_0_0,s1_below_0,370,3816,s2_3442_5764
307,2011-11-03,4,0,s3_8_up,s1_below_0,4,s2_0_up,s1_below_1,s2_0_0,s1_below_0,s2_0_0,s1_below_0,318,3656,s2_3442_5764
308,2011-11-04,4,0,s3_8_up,s1_below_0,5,s2_0_up,s2_1_2,s2_0_0,s1_below_0,s2_0_0,s1_below_0,470,3576,s2_3442_5764
309,2011-11-05,4,0,s3_8_up,s1_below_0,6,s1_below_0,s1_below_1,s2_0_0,s1_below_0,s2_0_0,s1_below_0,1156,2770,s2_3442_5764
310,2011-11-06,4,0,s3_8_up,s1_below_0,0,s1_below_0,s1_below_1,s2_0_0,s1_below_0,s2_0_0,s1_below_0,952,2697,s2_3442_5764
311,2011-11-07,4,0,s3_8_up,s1_below_0,1,s2_0_up,s1_below_1,s2_0_0,s1_below_0,s2_0_0,s1_below_0,373,3662,s2_3442_5764
312,2011-11-08,4,0,s3_8_up,s1_below_0,2,s2_0_up,s1_below_1,s2_0_0,s2_0_0,s2_0_0,s1_below_0,376,3829,s2_3442_5764
313,2011-11-09,4,0,s3_8_up,s1_below_0,3,s2_0_up,s1_below_1,s2_0_0,s2_0_0,s2_0_0,s1_below_0,305,3804,s2_3442_5764
314,2011-11-10,4,0,s3_8_up,s1_below_0,4,s2_0_up,s2_1_2,s2_0_0,s1_below_0,s3_0_up,s1_below_0,190,2743,s1_below_3442
315,2011-11-11,4,0,s3_8_up,s2_0_up,5,s1_below_0,s1_below_1,s2_0_0,s1_below_0,s2_0_0,s1_below_0,440,2928,s1_below_3442
316,2011-11-12,4,0,s3_8_up,s1_below_0,6,s1_below_0,s1_below_1,s2_0_0,s1_below_0,s2_0_0,s1_below_0,1275,2792,s2_3442_5764
317,2011-11-13,4,0,s3_8_up,s1_below_0,0,s1_below_0,s1_below_1,s2_0_0,s2_0_0,s2_0_0,s1_below_0,1004,2713,s2_3442_5764
318,2011-11-14,4,0,s3_8_up,s1_below_0,1,s2_0_up,s1_below_1,s3_0_up,s2_0_0,s2_0_0,s1_below_0,595,3891,s2_3442_5764
319,2011-11-15,4,0,s3_8_up,s1_below_0,2,s2_0_up,s2_1_2,s3_0_up,s2_0_0,s2_0_0,s1_below_0,449,3746,s2_3442_5764
320,2011-11-16,4,0,s3_8_up,s1_below_0,3,s2_0_up,s3_2_up,s2_0_0,s2_0_0,s3_0_up,s1_below_0,145,1672,s1_below_3442
321,2011-11-17,4,0,s3_8_up,s1_below_0,4,s2_0_up,s2_1_2,s2_0_0,s1_below_0,s2_0_0,s1_below_0,139,2914,s1_below_3442
322,2011-11-18,4,0,s3_8_up,s1_below_0,5,s2_0_up,s1_below_1,s1_below_0,s1_below_0,s2_0_0,s1_below_0,245,3147,s1_below_3442
323,2011-11-19,4,0,s3_8_up,s1_below_0,6,s1_below_0,s1_below_1,s2_0_0,s1_below_0,s2_0_0,s1_below_0,943,2720,s2_3442_5764
324,2011-11-20,4,0,s3_8_up,s1_below_0,0,s1_below_0,s2_1_2,s2_0_0,s2_0_0,s2_0_0,s1_below_0,787,2733,s2_3442_5764
325,2011-11-21,4,0,s3_8_up,s1_below_0,1,s2_0_up,s3_2_up,s2_0_0,s2_0_0,s3_0_up,s1_below_0,220,2545,s1_below_3442
326,2011-11-22,4,0,s3_8_up,s1_below_0,2,s2_0_up,s3_2_up,s2_0_0,s2_0_0,s3_0_up,s1_below_0,69,1538,s1_below_3442
327,2011-11-23,4,0,s3_8_up,s1_below_0,3,s2_0_up,s2_1_2,s2_0_0,s2_0_0,s2_0_0,s2_0_0,112,2454,s1_below_3442
328,2011-11-24,4,0,s3_8_up,s2_0_up,4,s1_below_0,s1_below_1,s2_0_0,s1_below_0,s2_0_0,s1_below_0,560,935,s1_below_3442
329,2011-11-25,4,0,s3_8_up,s1_below_0,5,s2_0_up,s1_below_1,s2_0_0,s1_below_0,s2_0_0,s1_below_0,1095,1697,s1_below_3442
330,2011-11-26,4,0,s3_8_up,s1_below_0,6,s1_below_0,s1_below_1,s2_0_0,s1_below_0,s2_0_0,s1_below_0,1249,1819,s1_below_3442
331,2011-11-27,4,0,s3_8_up,s1_below_0,0,s1_below_0,s1_below_1,s2_0_0,s2_0_0,s2_0_0,s1_below_0,810,2261,s1_below_3442
332,2011-11-28,4,0,s3_8_up,s1_below_0,1,s2_0_up,s1_below_1,s2_0_0,s2_0_0,s2_0_0,s1_below_0,253,3614,s2_3442_5764
333,2011-11-29,4,0,s3_8_up,s1_below_0,2,s2_0_up,s2_1_2,s2_0_0,s2_0_0,s3_0_up,s1_below_0,96,2818,s1_below_3442
334,2011-11-30,4,0,s3_8_up,s1_below_0,3,s2_0_up,s1_below_1,s2_0_0,s1_below_0,s2_0_0,s1_below_0,188,3425,s2_3442_5764
335,2011-12-01,4,0,s3_8_up,s1_below_0,4,s2_0_up,s1_below_1,s2_0_0,s1_below_0,s2_0_0,s1_below_0,182,3545,s2_3442_5764
336,2011-12-02,4,0,s3_8_up,s1_below_0,5,s2_0_up,s1_below_1,s2_0_0,s1_below_0,s2_0_0,s1_below_0,268,3672,s2_3442_5764
337,2011-12-03,4,0,s3_8_up,s1_below_0,6,s1_below_0,s1_below_1,s1_below_0,s1_below_0,s2_0_0,s1_below_0,706,2908,s2_3442_5764
338,2011-12-04,4,0,s3_8_up,s1_below_0,0,s1_below_0,s1_below_1,s2_0_0,s1_below_0,s2_0_0,s1_below_0,634,2851,s2_3442_5764
339,2011-12-05,4,0,s3_8_up,s1_below_0,1,s2_0_up,s2_1_2,s2_0_0,s1_below_0,s3_0_up,s1_below_0,233,3578,s2_3442_5764
340,2011-12-06,4,0,s3_8_up,s1_below_0,2,s2_0_up,s3_2_up,s2_0_0,s2_0_0,s3_0_up,s1_below_0,126,2468,s1_below_3442
341,2011-12-07,4,0,s3_8_up,s1_below_0,3,s2_0_up,s3_2_up,s2_0_0,s1_below_0,s3_0_up,s1_below_0,50,655,s1_below_3442
342,2011-12-08,4,0,s3_8_up,s1_below_0,4,s2_0_up,s1_below_1,s1_below_0,s1_below_0,s2_0_0,s1_below_0,150,3172,s1_below_3442
343,2011-12-09,4,0,s3_8_up,s1_below_0,5,s2_0_up,s1_below_1,s1_below_0,s1_below_0,s2_0_0,s1_below_0,261,3359,s2_3442_5764
344,2011-12-10,4,0,s3_8_up,s1_below_0,6,s1_below_0,s1_below_1,s1_below_0,s1_below_0,s2_0_0,s1_below_0,502,2688,s1_below_3442
345,2011-12-11,4,0,s3_8_up,s1_below_0,0,s1_below_0,s1_below_1,s1_below_0,s1_below_0,s2_0_0,s1_below_0,377,2366,s1_below_3442
346,2011-12-12,4,0,s3_8_up,s1_below_0,1,s2_0_up,s1_below_1,s1_below_0,s1_below_0,s2_0_0,s1_below_0,143,3167,s1_below_3442
347,2011-12-13,4,0,s3_8_up,s1_below_0,2,s2_0_up,s1_below_1,s1_below_0,s1_below_0,s2_0_0,s1_below_0,155,3368,s2_3442_5764
348,2011-12-14,4,0,s3_8_up,s1_below_0,3,s2_0_up,s2_1_2,s2_0_0,s1_below_0,s2_0_0,s1_below_0,178,3562,s2_3442_5764
349,2011-12-15,4,0,s3_8_up,s1_below_0,4,s2_0_up,s2_1_2,s2_0_0,s2_0_0,s2_0_0,s1_below_0,181,3528,s2_3442_5764
350,2011-12-16,4,0,s3_8_up,s1_below_0,5,s2_0_up,s2_1_2,s2_0_0,s1_below_0,s2_0_0,s1_below_0,178,3399,s2_3442_5764
351,2011-12-17,4,0,s3_8_up,s1_below_0,6,s1_below_0,s2_1_2,s1_below_0,s1_below_0,s2_0_0,s1_below_0,275,2464,s1_below_3442
352,2011-12-18,4,0,s3_8_up,s1_below_0,0,s1_below_0,s1_below_1,s1_below_0,s1_below_0,s2_0_0,s1_below_0,220,2211,s1_below_3442
353,2011-12-19,4,0,s3_8_up,s1_below_0,1,s2_0_up,s1_below_1,s1_below_0,s1_below_0,s2_0_0,s1_below_0,260,3143,s1_below_3442
354,2011-12-20,4,0,s3_8_up,s1_below_0,2,s2_0_up,s2_1_2,s2_0_0,s1_below_0,s2_0_0,s1_below_0,216,3534,s2_3442_5764
355,2011-12-21,1,0,s3_8_up,s1_below_0,3,s2_0_up,s2_1_2,s2_0_0,s2_0_0,s3_0_up,s1_below_0,107,2553,s1_below_3442
356,2011-12-22,1,0,s3_8_up,s1_below_0,4,s2_0_up,s2_1_2,s2_0_0,s2_0_0,s2_0_0,s1_below_0,227,2841,s1_below_3442
357,2011-12-23,1,0,s3_8_up,s1_below_0,5,s2_0_up,s1_below_1,s2_0_0,s1_below_0,s2_0_0,s1_below_0,163,2046,s1_below_3442
358,2011-12-24,1,0,s3_8_up,s1_below_0,6,s1_below_0,s1_below_1,s1_below_0,s1_below_0,s2_0_0,s1_below_0,155,856,s1_below_3442
359,2011-12-25,1,0,s3_8_up,s1_below_0,0,s1_below_0,s1_below_1,s1_below_0,s1_below_0,s2_0_0,s1_below_0,303,451,s1_below_3442
360,2011-12-26,1,0,s3_8_up,s2_0_up,1,s1_below_0,s1_below_1,s2_0_0,s1_below_0,s2_0_0,s1_below_0,430,887,s1_below_3442
361,2011-12-27,1,0,s3_8_up,s1_below_0,2,s2_0_up,s2_1_2,s2_0_0,s1_below_0,s2_0_0,s1_below_0,103,1059,s1_below_3442
362,2011-12-28,1,0,s3_8_up,s1_below_0,3,s2_0_up,s1_below_1,s1_below_0,s1_below_0,s2_0_0,s1_below_0,255,2047,s1_below_3442
363,2011-12-29,1,0,s3_8_up,s1_below_0,4,s2_0_up,s1_below_1,s1_below_0,s1_below_0,s2_0_0,s1_below_0,254,2169,s1_below_3442
364,2011-12-30,1,0,s3_8_up,s1_below_0,5,s2_0_up,s1_below_1,s2_0_0,s1_below_0,s2_0_0,s1_below_0,491,2508,s1_below_3442
365,2011-12-31,1,0,s3_8_up,s1_below_0,6,s1_below_0,s1_below_1,s2_0_0,s2_0_0,s2_0_0,s1_below_0,665,1820,s1_below_3442
366,2012-01-01,1,1,s1_below_2,s1_below_0,0,s1_below_0,s1_below_1,s2_0_0,s1_below_0,s2_0_0,s1_below_0,686,1608,s1_below_3442
367,2012-01-02,1,1,s1_below_2,s2_0_up,1,s1_below_0,s1_below_1,s1_below_0,s1_below_0,s2_0_0,s2_0_0,244,1707,s1_below_3442
368,2012-01-03,1,1,s1_below_2,s1_below_0,2,s2_0_up,s1_below_1,s1_below_0,s1_below_0,s2_0_0,s2_0_0,89,2147,s1_below_3442
369,2012-01-04,1,1,s1_below_2,s1_below_0,3,s2_0_up,s2_1_2,s1_below_0,s1_below_0,s2_0_0,s1_below_0,95,2273,s1_below_3442
370,2012-01-05,1,1,s1_below_2,s1_below_0,4,s2_0_up,s1_below_1,s1_below_0,s1_below_0,s2_0_0,s1_below_0,140,3132,s1_below_3442
371,2012-01-06,1,1,s1_below_2,s1_below_0,5,s2_0_up,s1_below_1,s2_0_0,s1_below_0,s2_0_0,s1_below_0,307,3791,s2_3442_5764
372,2012-01-07,1,1,s1_below_2,s1_below_0,6,s1_below_0,s1_below_1,s2_0_0,s1_below_0,s2_0_0,s1_below_0,1070,3451,s2_3442_5764
373,2012-01-08,1,1,s1_below_2,s1_below_0,0,s1_below_0,s1_below_1,s2_0_0,s1_below_0,s2_0_0,s1_below_0,599,2826,s1_below_3442
374,2012-01-09,1,1,s1_below_2,s1_below_0,1,s2_0_up,s2_1_2,s1_below_0,s1_below_0,s2_0_0,s1_below_0,106,2270,s1_below_3442
375,2012-01-10,1,1,s1_below_2,s1_below_0,2,s2_0_up,s1_below_1,s2_0_0,s1_below_0,s2_0_0,s1_below_0,173,3425,s2_3442_5764
376,2012-01-11,1,1,s1_below_2,s1_below_0,3,s2_0_up,s2_1_2,s1_below_0,s1_below_0,s3_0_up,s1_below_0,92,2085,s1_below_3442
377,2012-01-12,1,1,s1_below_2,s1_below_0,4,s2_0_up,s2_1_2,s2_0_0,s1_below_0,s3_0_up,s1_below_0,269,3828,s2_3442_5764
378,2012-01-13,1,1,s1_below_2,s1_below_0,5,s2_0_up,s1_below_1,s1_below_0,s1_below_0,s2_0_0,s2_0_0,174,3040,s1_below_3442
379,2012-01-14,1,1,s1_below_2,s1_below_0,6,s1_below_0,s1_below_1,s1_below_0,s1_below_0,s2_0_0,s1_below_0,333,2160,s1_below_3442
380,2012-01-15,1,1,s1_below_2,s1_below_0,0,s1_below_0,s1_below_1,s1_below_0,s1_below_0,s2_0_0,s1_below_0,284,2027,s1_below_3442
381,2012-01-16,1,1,s1_below_2,s2_0_up,1,s1_below_0,s1_below_1,s1_below_0,s1_below_0,s2_0_0,s1_below_0,217,2081,s1_below_3442
382,2012-01-17,1,1,s1_below_2,s1_below_0,2,s2_0_up,s2_1_2,s2_0_0,s1_below_0,s2_0_0,s2_0_0,127,2808,s1_below_3442
383,2012-01-18,1,1,s1_below_2,s1_below_0,3,s2_0_up,s1_below_1,s1_below_0,s1_below_0,s2_0_0,s2_0_0,109,3267,s1_below_3442
384,2012-01-19,1,1,s1_below_2,s1_below_0,4,s2_0_up,s1_below_1,s1_below_0,s1_below_0,s2_0_0,s1_below_0,130,3162,s1_below_3442
385,2012-01-20,1,1,s1_below_2,s1_below_0,5,s2_0_up,s2_1_2,s1_below_0,s1_below_0,s2_0_0,s1_below_0,115,3048,s1_below_3442
386,2012-01-21,1,1,s1_below_2,s1_below_0,6,s1_below_0,s2_1_2,s1_below_0,s1_below_0,s3_0_up,s1_below_0,67,1234,s1_below_3442
387,2012-01-22,1,1,s1_below_2,s1_below_0,0,s1_below_0,s2_1_2,s1_below_0,s1_below_0,s3_0_up,s1_below_0,196,1781,s1_below_3442
388,2012-01-23,1,1,s1_below_2,s1_below_0,1,s2_0_up,s2_1_2,s1_below_0,s1_below_0,s3_0_up,s1_below_0,145,2287,s1_below_3442
389,2012-01-24,1,1,s1_below_2,s1_below_0,2,s2_0_up,s1_below_1,s2_0_0,s1_below_0,s3_0_up,s1_below_0,439,3900,s2_3442_5764
390,2012-01-25,1,1,s1_below_2,s1_below_0,3,s2_0_up,s1_below_1,s1_below_0,s1_below_0,s2_0_0,s1_below_0,467,3803,s2_3442_5764
391,2012-01-26,1,1,s1_below_2,s1_below_0,4,s2_0_up,s2_1_2,s2_0_0,s1_below_0,s2_0_0,s1_below_0,244,3831,s2_3442_5764
392,2012-01-27,1,1,s1_below_2,s1_below_0,5,s2_0_up,s2_1_2,s2_0_0,s2_0_0,s2_0_0,s2_0_0,269,3187,s2_3442_5764
393,2012-01-28,1,1,s1_below_2,s1_below_0,6,s1_below_0,s1_below_1,s2_0_0,s1_below_0,s2_0_0,s1_below_0,775,3248,s2_3442_5764
394,2012-01-29,1,1,s1_below_2,s1_below_0,0,s1_below_0,s1_below_1,s1_below_0,s1_below_0,s2_0_0,s1_below_0,558,2685,s1_below_3442
395,2012-01-30,1,1,s1_below_2,s1_below_0,1,s2_0_up,s1_below_1,s1_below_0,s1_below_0,s2_0_0,s1_below_0,126,3498,s2_3442_5764
396,2012-01-31,1,1,s1_below_2,s1_below_0,2,s2_0_up,s1_below_1,s2_0_0,s1_below_0,s2_0_0,s1_below_0,324,4185,s2_3442_5764
397,2012-02-01,1,1,s1_below_2,s1_below_0,3,s2_0_up,s1_below_1,s2_0_0,s2_0_0,s2_0_0,s1_below_0,304,4275,s2_3442_5764
398,2012-02-02,1,1,s1_below_2,s1_below_0,4,s2_0_up,s2_1_2,s2_0_0,s1_below_0,s2_0_0,s1_below_0,190,3571,s2_3442_5764
399,2012-02-03,1,1,s1_below_2,s1_below_0,5,s2_0_up,s1_below_1,s2_0_0,s1_below_0,s2_0_0,s1_below_0,310,3841,s2_3442_5764
400,2012-02-04,1,1,s1_below_2,s1_below_0,6,s1_below_0,s2_1_2,s1_below_0,s1_below_0,s2_0_0,s1_below_0,384,2448,s1_below_3442
401,2012-02-05,1,1,s1_below_2,s1_below_0,0,s1_below_0,s2_1_2,s1_below_0,s1_below_0,s2_0_0,s1_below_0,318,2629,s1_below_3442
402,2012-02-06,1,1,s1_below_2,s1_below_0,1,s2_0_up,s1_below_1,s1_below_0,s1_below_0,s2_0_0,s1_below_0,206,3578,s2_3442_5764
403,2012-02-07,1,1,s1_below_2,s1_below_0,2,s2_0_up,s1_below_1,s2_0_0,s1_below_0,s2_0_0,s1_below_0,199,4176,s2_3442_5764
404,2012-02-08,1,1,s1_below_2,s1_below_0,3,s2_0_up,s2_1_2,s1_below_0,s1_below_0,s2_0_0,s1_below_0,109,2693,s1_below_3442
405,2012-02-09,1,1,s1_below_2,s1_below_0,4,s2_0_up,s1_below_1,s1_below_0,s1_below_0,s2_0_0,s1_below_0,163,3667,s2_3442_5764
406,2012-02-10,1,1,s1_below_2,s1_below_0,5,s2_0_up,s2_1_2,s1_below_0,s1_below_0,s2_0_0,s1_below_0,227,3604,s2_3442_5764
407,2012-02-11,1,1,s1_below_2,s1_below_0,6,s1_below_0,s3_2_up,s1_below_0,s1_below_0,s2_0_0,s1_below_0,192,1977,s1_below_3442
408,2012-02-12,1,1,s1_below_2,s1_below_0,0,s1_below_0,s1_below_1,s1_below_0,s1_below_0,s2_0_0,s2_0_0,73,1456,s1_below_3442
409,2012-02-13,1,1,s1_below_2,s1_below_0,1,s2_0_up,s1_below_1,s1_below_0,s1_below_0,s2_0_0,s1_below_0,94,3328,s1_below_3442
410,2012-02-14,1,1,s1_below_2,s1_below_0,2,s2_0_up,s2_1_2,s2_0_0,s1_below_0,s2_0_0,s1_below_0,135,3787,s2_3442_5764
411,2012-02-15,1,1,s1_below_2,s1_below_0,3,s2_0_up,s1_below_1,s2_0_0,s1_below_0,s2_0_0,s1_below_0,141,4028,s2_3442_5764
412,2012-02-16,1,1,s1_below_2,s1_below_0,4,s2_0_up,s2_1_2,s2_0_0,s1_below_0,s2_0_0,s1_below_0,74,2931,s1_below_3442
413,2012-02-17,1,1,s1_below_2,s1_below_0,5,s2_0_up,s1_below_1,s2_0_0,s1_below_0,s2_0_0,s1_below_0,349,3805,s2_3442_5764
414,2012-02-18,1,1,s1_below_2,s1_below_0,6,s1_below_0,s1_below_1,s2_0_0,s1_below_0,s2_0_0,s1_below_0,1435,2883,s2_3442_5764
415,2012-02-19,1,1,s1_below_2,s1_below_0,0,s1_below_0,s2_1_2,s1_below_0,s1_below_0,s2_0_0,s1_below_0,618,2071,s1_below_3442
416,2012-02-20,1,1,s1_below_2,s2_0_up,1,s1_below_0,s1_below_1,s1_below_0,s1_below_0,s2_0_0,s1_below_0,502,2627,s1_below_3442
417,2012-02-21,1,1,s1_below_2,s1_below_0,2,s2_0_up,s1_below_1,s1_below_0,s1_below_0,s2_0_0,s1_below_0,163,3614,s2_3442_5764
418,2012-02-22,1,1,s1_below_2,s1_below_0,3,s2_0_up,s1_below_1,s2_0_0,s1_below_0,s2_0_0,s1_below_0,394,4379,s2_3442_5764
419,2012-02-23,1,1,s1_below_2,s1_below_0,4,s2_0_up,s1_below_1,s2_0_0,s2_0_0,s2_0_0,s1_below_0,516,4546,s2_3442_5764
420,2012-02-24,1,1,s1_below_2,s1_below_0,5,s2_0_up,s2_1_2,s2_0_0,s2_0_0,s2_0_0,s1_below_0,246,3241,s2_3442_5764
421,2012-02-25,1,1,s1_below_2,s1_below_0,6,s1_below_0,s1_below_1,s1_below_0,s1_below_0,s2_0_0,s2_0_0,317,2415,s1_below_3442
422,2012-02-26,1,1,s1_below_2,s1_below_0,0,s1_below_0,s1_below_1,s1_below_0,s1_below_0,s2_0_0,s1_below_0,515,2874,s1_below_3442
423,2012-02-27,1,1,s1_below_2,s1_below_0,1,s2_0_up,s1_below_1,s2_0_0,s1_below_0,s2_0_0,s1_below_0,253,4069,s2_3442_5764
424,2012-02-28,1,1,s1_below_2,s1_below_0,2,s2_0_up,s1_below_1,s2_0_0,s1_below_0,s2_0_0,s1_below_0,229,4134,s2_3442_5764
425,2012-02-29,1,1,s1_below_2,s1_below_0,3,s2_0_up,s2_1_2,s2_0_0,s1_below_0,s3_0_up,s1_below_0,65,1769,s1_below_3442
426,2012-03-01,1,1,s2_2_8,s1_below_0,4,s2_0_up,s1_below_1,s2_0_0,s2_0_0,s2_0_0,s1_below_0,325,4665,s2_3442_5764
427,2012-03-02,1,1,s2_2_8,s1_below_0,5,s2_0_up,s2_1_2,s2_0_0,s1_below_0,s2_0_0,s1_below_0,246,2948,s1_below_3442
428,2012-03-03,1,1,s2_2_8,s1_below_0,6,s1_below_0,s2_1_2,s2_0_0,s2_0_0,s2_0_0,s1_below_0,956,3110,s2_3442_5764
429,2012-03-04,1,1,s2_2_8,s1_below_0,0,s1_below_0,s1_below_1,s2_0_0,s1_below_0,s2_0_0,s2_0_0,710,2713,s1_below_3442
430,2012-03-05,1,1,s2_2_8,s1_below_0,1,s2_0_up,s1_below_1,s1_below_0,s1_below_0,s2_0_0,s1_below_0,203,3130,s1_below_3442
431,2012-03-06,1,1,s2_2_8,s1_below_0,2,s2_0_up,s1_below_1,s1_below_0,s1_below_0,s2_0_0,s1_below_0,221,3735,s2_3442_5764
432,2012-03-07,1,1,s2_2_8,s1_below_0,3,s2_0_up,s1_below_1,s2_0_0,s1_below_0,s2_0_0,s2_0_0,432,4484,s2_3442_5764
433,2012-03-08,1,1,s2_2_8,s1_below_0,4,s2_0_up,s1_below_1,s3_0_up,s2_0_0,s2_0_0,s2_0_0,486,4896,s2_3442_5764
434,2012-03-09,1,1,s2_2_8,s1_below_0,5,s2_0_up,s2_1_2,s2_0_0,s1_below_0,s2_0_0,s2_0_0,447,4122,s2_3442_5764
435,2012-03-10,1,1,s2_2_8,s1_below_0,6,s1_below_0,s1_below_1,s1_below_0,s1_below_0,s2_0_0,s1_below_0,968,3150,s2_3442_5764
436,2012-03-11,1,1,s2_2_8,s1_below_0,0,s1_below_0,s1_below_1,s2_0_0,s1_below_0,s2_0_0,s1_below_0,1658,3253,s2_3442_5764
437,2012-03-12,1,1,s2_2_8,s1_below_0,1,s2_0_up,s1_below_1,s2_0_0,s2_0_0,s2_0_0,s1_below_0,838,4460,s2_3442_5764
438,2012-03-13,1,1,s2_2_8,s1_below_0,2,s2_0_up,s1_below_1,s3_0_up,s2_0_0,s2_0_0,s1_below_0,762,5085,s3_5764_up
439,2012-03-14,1,1,s2_2_8,s1_below_0,3,s2_0_up,s1_below_1,s3_0_up,s2_0_0,s2_0_0,s1_below_0,997,5315,s3_5764_up
440,2012-03-15,1,1,s2_2_8,s1_below_0,4,s2_0_up,s1_below_1,s3_0_up,s2_0_0,s2_0_0,s1_below_0,1005,5187,s3_5764_up
441,2012-03-16,1,1,s2_2_8,s1_below_0,5,s2_0_up,s2_1_2,s2_0_0,s2_0_0,s3_0_up,s1_below_0,548,3830,s2_3442_5764
442,2012-03-17,1,1,s2_2_8,s1_below_0,6,s1_below_0,s2_1_2,s2_0_0,s2_0_0,s2_0_0,s1_below_0,3155,4681,s3_5764_up
443,2012-03-18,1,1,s2_2_8,s1_below_0,0,s1_below_0,s2_1_2,s2_0_0,s2_0_0,s3_0_up,s1_below_0,2207,3685,s3_5764_up
444,2012-03-19,1,1,s2_2_8,s1_below_0,1,s2_0_up,s1_below_1,s3_0_up,s2_0_0,s2_0_0,s1_below_0,982,5171,s3_5764_up
445,2012-03-20,1,1,s2_2_8,s1_below_0,2,s2_0_up,s1_below_1,s3_0_up,s2_0_0,s3_0_up,s1_below_0,1051,5042,s3_5764_up
446,2012-03-21,2,1,s2_2_8,s1_below_0,3,s2_0_up,s2_1_2,s3_0_up,s2_0_0,s3_0_up,s1_below_0,1122,5108,s3_5764_up
447,2012-03-22,2,1,s2_2_8,s1_below_0,4,s2_0_up,s1_below_1,s3_0_up,s2_0_0,s3_0_up,s1_below_0,1334,5537,s3_5764_up
448,2012-03-23,2,1,s2_2_8,s1_below_0,5,s2_0_up,s2_1_2,s3_0_up,s2_0_0,s2_0_0,s1_below_0,2469,5893,s3_5764_up
449,2012-03-24,2,1,s2_2_8,s1_below_0,6,s1_below_0,s2_1_2,s2_0_0,s2_0_0,s3_0_up,s1_below_0,1033,2339,s1_below_3442
450,2012-03-25,2,1,s2_2_8,s1_below_0,0,s1_below_0,s2_1_2,s2_0_0,s2_0_0,s3_0_up,s1_below_0,1532,3464,s2_3442_5764
451,2012-03-26,2,1,s2_2_8,s1_below_0,1,s2_0_up,s1_below_1,s2_0_0,s2_0_0,s2_0_0,s2_0_0,795,4763,s2_3442_5764
452,2012-03-27,2,1,s2_2_8,s1_below_0,2,s2_0_up,s1_below_1,s2_0_0,s1_below_0,s2_0_0,s1_below_0,531,4571,s2_3442_5764
453,2012-03-28,2,1,s2_2_8,s1_below_0,3,s2_0_up,s1_below_1,s2_0_0,s2_0_0,s2_0_0,s1_below_0,674,5024,s2_3442_5764
454,2012-03-29,2,1,s2_2_8,s1_below_0,4,s2_0_up,s1_below_1,s2_0_0,s2_0_0,s2_0_0,s2_0_0,834,5299,s3_5764_up
455,2012-03-30,2,1,s2_2_8,s1_below_0,5,s2_0_up,s2_1_2,s2_0_0,s1_below_0,s2_0_0,s1_below_0,796,4663,s2_3442_5764
456,2012-03-31,2,1,s2_2_8,s1_below_0,6,s1_below_0,s2_1_2,s2_0_0,s2_0_0,s2_0_0,s1_below_0,2301,3934,s3_5764_up
457,2012-04-01,2,1,s2_2_8,s1_below_0,0,s1_below_0,s2_1_2,s2_0_0,s2_0_0,s2_0_0,s1_below_0,2347,3694,s3_5764_up
458,2012-04-02,2,1,s2_2_8,s1_below_0,1,s2_0_up,s1_below_1,s2_0_0,s2_0_0,s2_0_0,s1_below_0,1208,4728,s3_5764_up
459,2012-04-03,2,1,s2_2_8,s1_below_0,2,s2_0_up,s1_below_1,s2_0_0,s2_0_0,s2_0_0,s1_below_0,1348,5424,s3_5764_up
460,2012-04-04,2,1,s2_2_8,s1_below_0,3,s2_0_up,s1_below_1,s3_0_up,s2_0_0,s2_0_0,s1_below_0,1058,5378,s3_5764_up
461,2012-04-05,2,1,s2_2_8,s1_below_0,4,s2_0_up,s1_below_1,s2_0_0,s2_0_0,s2_0_0,s1_below_0,1192,5265,s3_5764_up
462,2012-04-06,2,1,s2_2_8,s1_below_0,5,s2_0_up,s1_below_1,s2_0_0,s1_below_0,s2_0_0,s1_below_0,1807,4653,s3_5764_up
463,2012-04-07,2,1,s2_2_8,s1_below_0,6,s1_below_0,s1_below_1,s2_0_0,s2_0_0,s2_0_0,s1_below_0,3252,3605,s3_5764_up
464,2012-04-08,2,1,s2_2_8,s1_below_0,0,s1_below_0,s1_below_1,s2_0_0,s2_0_0,s2_0_0,s1_below_0,2230,2939,s2_3442_5764
465,2012-04-09,2,1,s2_2_8,s1_below_0,1,s2_0_up,s1_below_1,s2_0_0,s2_0_0,s2_0_0,s2_0_0,905,4680,s2_3442_5764
466,2012-04-10,2,1,s2_2_8,s1_below_0,2,s2_0_up,s1_below_1,s2_0_0,s2_0_0,s2_0_0,s1_below_0,819,5099,s3_5764_up
467,2012-04-11,2,1,s2_2_8,s1_below_0,3,s2_0_up,s1_below_1,s2_0_0,s1_below_0,s2_0_0,s1_below_0,482,4380,s2_3442_5764
468,2012-04-12,2,1,s2_2_8,s1_below_0,4,s2_0_up,s1_below_1,s2_0_0,s1_below_0,s2_0_0,s1_below_0,663,4746,s2_3442_5764
469,2012-04-13,2,1,s2_2_8,s1_below_0,5,s2_0_up,s1_below_1,s2_0_0,s2_0_0,s2_0_0,s1_below_0,1252,5146,s3_5764_up
470,2012-04-14,2,1,s2_2_8,s1_below_0,6,s1_below_0,s1_below_1,s2_0_0,s2_0_0,s2_0_0,s1_below_0,2795,4665,s3_5764_up
471,2012-04-15,2,1,s2_2_8,s1_below_0,0,s1_below_0,s1_below_1,s3_0_up,s2_0_0,s2_0_0,s1_below_0,2846,4286,s3_5764_up
472,2012-04-16,2,1,s2_2_8,s2_0_up,1,s1_below_0,s1_below_1,s3_0_up,s3_0_up,s2_0_0,s1_below_0,1198,5172,s3_5764_up
473,2012-04-17,2,1,s2_2_8,s1_below_0,2,s2_0_up,s1_below_1,s3_0_up,s3_0_up,s2_0_0,s1_below_0,989,5702,s3_5764_up
474,2012-04-18,2,1,s2_2_8,s1_below_0,3,s2_0_up,s2_1_2,s2_0_0,s2_0_0,s2_0_0,s1_below_0,347,4020,s2_3442_5764
475,2012-04-19,2,1,s2_2_8,s1_below_0,4,s2_0_up,s1_below_1,s2_0_0,s2_0_0,s2_0_0,s1_below_0,846,5719,s3_5764_up
476,2012-04-20,2,1,s2_2_8,s1_below_0,5,s2_0_up,s1_below_1,s3_0_up,s2_0_0,s2_0_0,s1_below_0,1340,5950,s3_5764_up
477,2012-04-21,2,1,s2_2_8,s1_below_0,6,s1_below_0,s1_below_1,s3_0_up,s2_0_0,s2_0_0,s1_below_0,2541,4083,s3_5764_up
478,2012-04-22,2,1,s2_2_8,s1_below_0,0,s1_below_0,s3_2_up,s2_0_0,s1_below_0,s3_0_up,s2_0_0,120,907,s1_below_3442
479,2012-04-23,2,1,s2_2_8,s1_below_0,1,s2_0_up,s2_1_2,s2_0_0,s1_below_0,s2_0_0,s1_below_0,195,3019,s1_below_3442
480,2012-04-24,2,1,s2_2_8,s1_below_0,2,s2_0_up,s1_below_1,s2_0_0,s1_below_0,s2_0_0,s1_below_0,518,5115,s2_3442_5764
481,2012-04-25,2,1,s2_2_8,s1_below_0,3,s2_0_up,s1_below_1,s2_0_0,s2_0_0,s2_0_0,s1_below_0,655,5541,s3_5764_up
482,2012-04-26,2,1,s2_2_8,s1_below_0,4,s2_0_up,s2_1_2,s2_0_0,s2_0_0,s2_0_0,s1_below_0,475,4551,s2_3442_5764
483,2012-04-27,2,1,s2_2_8,s1_below_0,5,s2_0_up,s1_below_1,s2_0_0,s2_0_0,s2_0_0,s2_0_0,1014,5219,s3_5764_up
484,2012-04-28,2,1,s2_2_8,s1_below_0,6,s1_below_0,s2_1_2,s2_0_0,s1_below_0,s2_0_0,s1_below_0,1120,3100,s2_3442_5764
485,2012-04-29,2,1,s2_2_8,s1_below_0,0,s1_below_0,s1_below_1,s2_0_0,s2_0_0,s2_0_0,s1_below_0,2229,4075,s3_5764_up
486,2012-04-30,2,1,s2_2_8,s1_below_0,1,s2_0_up,s2_1_2,s2_0_0,s2_0_0,s2_0_0,s1_below_0,665,4907,s2_3442_5764
487,2012-05-01,2,1,s2_2_8,s1_below_0,2,s2_0_up,s2_1_2,s3_0_up,s2_0_0,s2_0_0,s1_below_0,653,5087,s2_3442_5764
488,2012-05-02,2,1,s2_2_8,s1_below_0,3,s2_0_up,s1_below_1,s3_0_up,s2_0_0,s3_0_up,s1_below_0,667,5502,s3_5764_up
489,2012-05-03,2,1,s2_2_8,s1_below_0,4,s2_0_up,s2_1_2,s3_0_up,s2_0_0,s2_0_0,s1_below_0,764,5657,s3_5764_up
490,2012-05-04,2,1,s2_2_8,s1_below_0,5,s2_0_up,s1_below_1,s3_0_up,s3_0_up,s2_0_0,s1_below_0,1069,5227,s3_5764_up
491,2012-05-05,2,1,s2_2_8,s1_below_0,6,s1_below_0,s2_1_2,s3_0_up,s3_0_up,s2_0_0,s1_below_0,2496,4387,s3_5764_up
492,2012-05-06,2,1,s2_2_8,s1_below_0,0,s1_below_0,s2_1_2,s3_0_up,s2_0_0,s2_0_0,s1_below_0,2135,4224,s3_5764_up
493,2012-05-07,2,1,s2_2_8,s1_below_0,1,s2_0_up,s2_1_2,s3_0_up,s2_0_0,s2_0_0,s1_below_0,1008,5265,s3_5764_up
494,2012-05-08,2,1,s2_2_8,s1_below_0,2,s2_0_up,s2_1_2,s3_0_up,s2_0_0,s2_0_0,s1_below_0,738,4990,s2_3442_5764
495,2012-05-09,2,1,s2_2_8,s1_below_0,3,s2_0_up,s2_1_2,s3_0_up,s2_0_0,s2_0_0,s1_below_0,620,4097,s2_3442_5764
496,2012-05-10,2,1,s2_2_8,s1_below_0,4,s2_0_up,s1_below_1,s2_0_0,s2_0_0,s2_0_0,s1_below_0,1026,5546,s3_5764_up
497,2012-05-11,2,1,s2_2_8,s1_below_0,5,s2_0_up,s1_below_1,s3_0_up,s2_0_0,s2_0_0,s1_below_0,1319,5711,s3_5764_up
498,2012-05-12,2,1,s2_2_8,s1_below_0,6,s1_below_0,s1_below_1,s3_0_up,s2_0_0,s2_0_0,s1_below_0,2622,4807,s3_5764_up
499,2012-05-13,2,1,s2_2_8,s1_below_0,0,s1_below_0,s1_below_1,s3_0_up,s3_0_up,s2_0_0,s1_below_0,2172,3946,s3_5764_up
500,2012-05-14,2,1,s2_2_8,s1_below_0,1,s2_0_up,s2_1_2,s3_0_up,s2_0_0,s3_0_up,s1_below_0,342,2501,s1_below_3442
501,2012-05-15,2,1,s2_2_8,s1_below_0,2,s2_0_up,s2_1_2,s3_0_up,s2_0_0,s3_0_up,s1_below_0,625,4490,s2_3442_5764
502,2012-05-16,2,1,s2_2_8,s1_below_0,3,s2_0_up,s1_below_1,s3_0_up,s3_0_up,s2_0_0,s1_below_0,991,6433,s3_5764_up
503,2012-05-17,2,1,s2_2_8,s1_below_0,4,s2_0_up,s1_below_1,s3_0_up,s2_0_0,s2_0_0,s1_below_0,1242,6142,s3_5764_up
504,2012-05-18,2,1,s2_2_8,s1_below_0,5,s2_0_up,s1_below_1,s3_0_up,s2_0_0,s2_0_0,s1_below_0,1521,6118,s3_5764_up
505,2012-05-19,2,1,s2_2_8,s1_below_0,6,s1_below_0,s1_below_1,s3_0_up,s2_0_0,s2_0_0,s1_below_0,3410,4884,s3_5764_up
506,2012-05-20,2,1,s2_2_8,s1_below_0,0,s1_below_0,s1_below_1,s3_0_up,s3_0_up,s2_0_0,s1_below_0,2704,4425,s3_5764_up
507,2012-05-21,2,1,s2_2_8,s1_below_0,1,s2_0_up,s2_1_2,s3_0_up,s2_0_0,s3_0_up,s1_below_0,630,3729,s2_3442_5764
508,2012-05-22,2,1,s2_2_8,s1_below_0,2,s2_0_up,s2_1_2,s3_0_up,s2_0_0,s2_0_0,s1_below_0,819,5254,s3_5764_up
509,2012-05-23,2,1,s2_2_8,s1_below_0,3,s2_0_up,s2_1_2,s3_0_up,s3_0_up,s2_0_0,s1_below_0,766,4494,s2_3442_5764
510,2012-05-24,2,1,s2_2_8,s1_below_0,4,s2_0_up,s1_below_1,s3_0_up,s3_0_up,s2_0_0,s1_below_0,1059,5711,s3_5764_up
511,2012-05-25,2,1,s2_2_8,s1_below_0,5,s2_0_up,s1_below_1,s3_0_up,s3_0_up,s2_0_0,s1_below_0,1417,5317,s3_5764_up
512,2012-05-26,2,1,s2_2_8,s1_below_0,6,s1_below_0,s1_below_1,s3_0_up,s3_0_up,s2_0_0,s1_below_0,2855,3681,s3_5764_up
513,2012-05-27,2,1,s2_2_8,s1_below_0,0,s1_below_0,s1_below_1,s3_0_up,s3_0_up,s2_0_0,s1_below_0,3283,3308,s3_5764_up
514,2012-05-28,2,1,s2_2_8,s2_0_up,1,s1_below_0,s1_below_1,s3_0_up,s3_0_up,s2_0_0,s1_below_0,2557,3486,s3_5764_up
515,2012-05-29,2,1,s2_2_8,s1_below_0,2,s2_0_up,s1_below_1,s3_0_up,s3_0_up,s2_0_0,s1_below_0,880,4863,s2_3442_5764
516,2012-05-30,2,1,s2_2_8,s1_below_0,3,s2_0_up,s2_1_2,s3_0_up,s3_0_up,s2_0_0,s1_below_0,745,6110,s3_5764_up
517,2012-05-31,2,1,s2_2_8,s1_below_0,4,s2_0_up,s1_below_1,s3_0_up,s3_0_up,s2_0_0,s1_below_0,1100,6238,s3_5764_up
518,2012-06-01,2,1,s2_2_8,s1_below_0,5,s2_0_up,s2_1_2,s3_0_up,s3_0_up,s2_0_0,s1_below_0,533,3594,s2_3442_5764
519,2012-06-02,2,1,s2_2_8,s1_below_0,6,s1_below_0,s1_below_1,s3_0_up,s2_0_0,s2_0_0,s1_below_0,2795,5325,s3_5764_up
520,2012-06-03,2,1,s2_2_8,s1_below_0,0,s1_below_0,s1_below_1,s3_0_up,s2_0_0,s2_0_0,s1_below_0,2494,5147,s3_5764_up
521,2012-06-04,2,1,s2_2_8,s1_below_0,1,s2_0_up,s1_below_1,s3_0_up,s2_0_0,s2_0_0,s1_below_0,1071,5927,s3_5764_up
522,2012-06-05,2,1,s2_2_8,s1_below_0,2,s2_0_up,s2_1_2,s3_0_up,s2_0_0,s2_0_0,s1_below_0,968,6033,s3_5764_up
523,2012-06-06,2,1,s2_2_8,s1_below_0,3,s2_0_up,s1_below_1,s3_0_up,s2_0_0,s2_0_0,s1_below_0,1027,6028,s3_5764_up
524,2012-06-07,2,1,s2_2_8,s1_below_0,4,s2_0_up,s1_below_1,s3_0_up,s2_0_0,s2_0_0,s1_below_0,1038,6456,s3_5764_up
525,2012-06-08,2,1,s2_2_8,s1_below_0,5,s2_0_up,s1_below_1,s3_0_up,s3_0_up,s2_0_0,s1_below_0,1488,6248,s3_5764_up
526,2012-06-09,2,1,s2_2_8,s1_below_0,6,s1_below_0,s1_below_1,s3_0_up,s3_0_up,s2_0_0,s1_below_0,2708,4790,s3_5764_up
527,2012-06-10,2,1,s2_2_8,s1_below_0,0,s1_below_0,s1_below_1,s3_0_up,s3_0_up,s2_0_0,s1_below_0,2224,4374,s3_5764_up
528,2012-06-11,2,1,s2_2_8,s1_below_0,1,s2_0_up,s2_1_2,s3_0_up,s3_0_up,s2_0_0,s1_below_0,1017,5647,s3_5764_up
529,2012-06-12,2,1,s2_2_8,s1_below_0,2,s2_0_up,s2_1_2,s3_0_up,s3_0_up,s3_0_up,s1_below_0,477,4495,s2_3442_5764
530,2012-06-13,2,1,s2_2_8,s1_below_0,3,s2_0_up,s1_below_1,s3_0_up,s3_0_up,s2_0_0,s2_0_0,1173,6248,s3_5764_up
531,2012-06-14,2,1,s2_2_8,s1_below_0,4,s2_0_up,s1_below_1,s3_0_up,s3_0_up,s2_0_0,s1_below_0,1180,6183,s3_5764_up
532,2012-06-15,2,1,s2_2_8,s1_below_0,5,s2_0_up,s1_below_1,s3_0_up,s3_0_up,s2_0_0,s1_below_0,1563,6102,s3_5764_up
533,2012-06-16,2,1,s2_2_8,s1_below_0,6,s1_below_0,s1_below_1,s3_0_up,s3_0_up,s2_0_0,s1_below_0,2963,4739,s3_5764_up
534,2012-06-17,2,1,s2_2_8,s1_below_0,0,s1_below_0,s1_below_1,s3_0_up,s2_0_0,s2_0_0,s1_below_0,2634,4344,s3_5764_up
535,2012-06-18,2,1,s2_2_8,s1_below_0,1,s2_0_up,s2_1_2,s3_0_up,s2_0_0,s2_0_0,s1_below_0,653,4446,s2_3442_5764
536,2012-06-19,2,1,s2_2_8,s1_below_0,2,s2_0_up,s1_below_1,s3_0_up,s3_0_up,s2_0_0,s1_below_0,968,5857,s3_5764_up
537,2012-06-20,2,1,s2_2_8,s1_below_0,3,s2_0_up,s1_below_1,s3_0_up,s3_0_up,s2_0_0,s1_below_0,872,5339,s3_5764_up
538,2012-06-21,3,1,s2_2_8,s1_below_0,4,s2_0_up,s1_below_1,s3_0_up,s3_0_up,s2_0_0,s1_below_0,778,5127,s3_5764_up
539,2012-06-22,3,1,s2_2_8,s1_below_0,5,s2_0_up,s1_below_1,s3_0_up,s3_0_up,s2_0_0,s1_below_0,964,4859,s3_5764_up
540,2012-06-23,3,1,s2_2_8,s1_below_0,6,s1_below_0,s1_below_1,s3_0_up,s3_0_up,s2_0_0,s1_below_0,2657,4801,s3_5764_up
541,2012-06-24,3,1,s2_2_8,s1_below_0,0,s1_below_0,s1_below_1,s3_0_up,s3_0_up,s2_0_0,s1_below_0,2551,4340,s3_5764_up
542,2012-06-25,3,1,s2_2_8,s1_below_0,1,s2_0_up,s1_below_1,s3_0_up,s3_0_up,s2_0_0,s1_below_0,1139,5640,s3_5764_up
543,2012-06-26,3,1,s2_2_8,s1_below_0,2,s2_0_up,s1_below_1,s3_0_up,s3_0_up,s2_0_0,s2_0_0,1077,6365,s3_5764_up
544,2012-06-27,3,1,s2_2_8,s1_below_0,3,s2_0_up,s1_below_1,s3_0_up,s3_0_up,s2_0_0,s1_below_0,1077,6258,s3_5764_up
545,2012-06-28,3,1,s2_2_8,s1_below_0,4,s2_0_up,s1_below_1,s3_0_up,s3_0_up,s2_0_0,s1_below_0,921,5958,s3_5764_up
546,2012-06-29,3,1,s2_2_8,s1_below_0,5,s2_0_up,s1_below_1,s3_0_up,s3_0_up,s2_0_0,s1_below_0,829,4634,s2_3442_5764
547,2012-06-30,3,1,s2_2_8,s1_below_0,6,s1_below_0,s1_below_1,s3_0_up,s3_0_up,s2_0_0,s1_below_0,1455,4232,s2_3442_5764
548,2012-07-01,3,1,s2_2_8,s1_below_0,0,s1_below_0,s1_below_1,s3_0_up,s3_0_up,s2_0_0,s1_below_0,1421,4110,s2_3442_5764
549,2012-07-02,3,1,s2_2_8,s1_below_0,1,s2_0_up,s1_below_1,s3_0_up,s3_0_up,s2_0_0,s1_below_0,904,5323,s3_5764_up
550,2012-07-03,3,1,s2_2_8,s1_below_0,2,s2_0_up,s1_below_1,s3_0_up,s3_0_up,s2_0_0,s1_below_0,1052,5608,s3_5764_up
551,2012-07-04,3,1,s2_2_8,s2_0_up,3,s1_below_0,s1_below_1,s3_0_up,s3_0_up,s2_0_0,s1_below_0,2562,4841,s3_5764_up
552,2012-07-05,3,1,s2_2_8,s1_below_0,4,s2_0_up,s1_below_1,s3_0_up,s3_0_up,s2_0_0,s1_below_0,1405,4836,s3_5764_up
553,2012-07-06,3,1,s2_2_8,s1_below_0,5,s2_0_up,s1_below_1,s3_0_up,s3_0_up,s2_0_0,s1_below_0,1366,4841,s3_5764_up
554,2012-07-07,3,1,s2_2_8,s1_below_0,6,s1_below_0,s1_below_1,s3_0_up,s3_0_up,s2_0_0,s1_below_0,1448,3392,s2_3442_5764
555,2012-07-08,3,1,s2_2_8,s1_below_0,0,s1_below_0,s1_below_1,s3_0_up,s3_0_up,s2_0_0,s1_below_0,1203,3469,s2_3442_5764
556,2012-07-09,3,1,s2_2_8,s1_below_0,1,s2_0_up,s2_1_2,s3_0_up,s3_0_up,s2_0_0,s1_below_0,998,5571,s3_5764_up
557,2012-07-10,3,1,s2_2_8,s1_below_0,2,s2_0_up,s2_1_2,s3_0_up,s3_0_up,s2_0_0,s1_below_0,954,5336,s3_5764_up
558,2012-07-11,3,1,s2_2_8,s1_below_0,3,s2_0_up,s1_below_1,s3_0_up,s3_0_up,s2_0_0,s1_below_0,975,6289,s3_5764_up
559,2012-07-12,3,1,s2_2_8,s1_below_0,4,s2_0_up,s1_below_1,s3_0_up,s3_0_up,s2_0_0,s1_below_0,1032,6414,s3_5764_up
560,2012-07-13,3,1,s2_2_8,s1_below_0,5,s2_0_up,s2_1_2,s3_0_up,s3_0_up,s2_0_0,s1_below_0,1511,5988,s3_5764_up
561,2012-07-14,3,1,s2_2_8,s1_below_0,6,s1_below_0,s2_1_2,s3_0_up,s3_0_up,s2_0_0,s1_below_0,2355,4614,s3_5764_up
562,2012-07-15,3,1,s2_2_8,s1_below_0,0,s1_below_0,s1_below_1,s3_0_up,s3_0_up,s2_0_0,s1_below_0,1920,4111,s3_5764_up
563,2012-07-16,3,1,s2_2_8,s1_below_0,1,s2_0_up,s1_below_1,s3_0_up,s3_0_up,s2_0_0,s1_below_0,1088,5742,s3_5764_up
564,2012-07-17,3,1,s2_2_8,s1_below_0,2,s2_0_up,s1_below_1,s3_0_up,s3_0_up,s2_0_0,s1_below_0,921,5865,s3_5764_up
565,2012-07-18,3,1,s2_2_8,s1_below_0,3,s2_0_up,s1_below_1,s3_0_up,s3_0_up,s2_0_0,s1_below_0,799,4914,s2_3442_5764
566,2012-07-19,3,1,s2_2_8,s1_below_0,4,s2_0_up,s1_below_1,s3_0_up,s3_0_up,s2_0_0,s1_below_0,888,5703,s3_5764_up
567,2012-07-20,3,1,s2_2_8,s1_below_0,5,s2_0_up,s2_1_2,s3_0_up,s3_0_up,s3_0_up,s1_below_0,747,5123,s3_5764_up
568,2012-07-21,3,1,s2_2_8,s1_below_0,6,s1_below_0,s3_2_up,s3_0_up,s2_0_0,s3_0_up,s1_below_0,1264,3195,s2_3442_5764
569,2012-07-22,3,1,s2_2_8,s1_below_0,0,s1_below_0,s2_1_2,s3_0_up,s3_0_up,s2_0_0,s1_below_0,2544,4866,s3_5764_up
570,2012-07-23,3,1,s2_2_8,s1_below_0,1,s2_0_up,s1_below_1,s3_0_up,s3_0_up,s2_0_0,s1_below_0,1135,5831,s3_5764_up
571,2012-07-24,3,1,s2_2_8,s1_below_0,2,s2_0_up,s1_below_1,s3_0_up,s3_0_up,s2_0_0,s1_below_0,1140,6452,s3_5764_up
572,2012-07-25,3,1,s2_2_8,s1_below_0,3,s2_0_up,s1_below_1,s3_0_up,s3_0_up,s2_0_0,s1_below_0,1383,6790,s3_5764_up
573,2012-07-26,3,1,s2_2_8,s1_below_0,4,s2_0_up,s1_below_1,s3_0_up,s3_0_up,s2_0_0,s1_below_0,1036,5825,s3_5764_up
574,2012-07-27,3,1,s2_2_8,s1_below_0,5,s2_0_up,s1_below_1,s3_0_up,s3_0_up,s2_0_0,s1_below_0,1259,5645,s3_5764_up
575,2012-07-28,3,1,s2_2_8,s1_below_0,6,s1_below_0,s1_below_1,s3_0_up,s3_0_up,s2_0_0,s1_below_0,2234,4451,s3_5764_up
576,2012-07-29,3,1,s2_2_8,s1_below_0,0,s1_below_0,s1_below_1,s3_0_up,s3_0_up,s2_0_0,s1_below_0,2153,4444,s3_5764_up
577,2012-07-30,3,1,s2_2_8,s1_below_0,1,s2_0_up,s1_below_1,s3_0_up,s3_0_up,s2_0_0,s1_below_0,1040,6065,s3_5764_up
578,2012-07-31,3,1,s2_2_8,s1_below_0,2,s2_0_up,s1_below_1,s3_0_up,s3_0_up,s2_0_0,s1_below_0,968,6248,s3_5764_up
579,2012-08-01,3,1,s2_2_8,s1_below_0,3,s2_0_up,s1_below_1,s3_0_up,s3_0_up,s2_0_0,s1_below_0,1074,6506,s3_5764_up
580,2012-08-02,3,1,s2_2_8,s1_below_0,4,s2_0_up,s1_below_1,s3_0_up,s3_0_up,s2_0_0,s1_below_0,983,6278,s3_5764_up
581,2012-08-03,3,1,s2_2_8,s1_below_0,5,s2_0_up,s2_1_2,s3_0_up,s3_0_up,s2_0_0,s1_below_0,1328,5847,s3_5764_up
582,2012-08-04,3,1,s2_2_8,s1_below_0,6,s1_below_0,s1_below_1,s3_0_up,s3_0_up,s2_0_0,s1_below_0,2345,4479,s3_5764_up
583,2012-08-05,3,1,s2_2_8,s1_below_0,0,s1_below_0,s1_below_1,s3_0_up,s3_0_up,s2_0_0,s1_below_0,1707,3757,s2_3442_5764
584,2012-08-06,3,1,s2_2_8,s1_below_0,1,s2_0_up,s2_1_2,s3_0_up,s3_0_up,s2_0_0,s1_below_0,1233,5780,s3_5764_up
585,2012-08-07,3,1,s2_2_8,s1_below_0,2,s2_0_up,s2_1_2,s3_0_up,s3_0_up,s2_0_0,s1_below_0,1278,5995,s3_5764_up
586,2012-08-08,3,1,s2_2_8,s1_below_0,3,s2_0_up,s2_1_2,s3_0_up,s3_0_up,s2_0_0,s1_below_0,1263,6271,s3_5764_up
587,2012-08-09,3,1,s2_2_8,s1_below_0,4,s2_0_up,s1_below_1,s3_0_up,s3_0_up,s2_0_0,s1_below_0,1196,6090,s3_5764_up
588,2012-08-10,3,1,s2_2_8,s1_below_0,5,s2_0_up,s2_1_2,s3_0_up,s3_0_up,s2_0_0,s1_below_0,1065,4721,s3_5764_up
589,2012-08-11,3,1,s2_2_8,s1_below_0,6,s1_below_0,s2_1_2,s3_0_up,s3_0_up,s2_0_0,s1_below_0,2247,4052,s3_5764_up
590,2012-08-12,3,1,s2_2_8,s1_below_0,0,s1_below_0,s1_below_1,s3_0_up,s3_0_up,s2_0_0,s1_below_0,2182,4362,s3_5764_up
591,2012-08-13,3,1,s2_2_8,s1_below_0,1,s2_0_up,s1_below_1,s3_0_up,s3_0_up,s2_0_0,s1_below_0,1207,5676,s3_5764_up
592,2012-08-14,3,1,s2_2_8,s1_below_0,2,s2_0_up,s1_below_1,s3_0_up,s3_0_up,s2_0_0,s1_below_0,1128,5656,s3_5764_up
593,2012-08-15,3,1,s2_2_8,s1_below_0,3,s2_0_up,s1_below_1,s3_0_up,s3_0_up,s2_0_0,s1_below_0,1198,6149,s3_5764_up
594,2012-08-16,3,1,s2_2_8,s1_below_0,4,s2_0_up,s1_below_1,s3_0_up,s3_0_up,s2_0_0,s1_below_0,1338,6267,s3_5764_up
595,2012-08-17,3,1,s2_2_8,s1_below_0,5,s2_0_up,s1_below_1,s3_0_up,s1_below_0,s2_0_0,s1_below_0,1483,5665,s3_5764_up
596,2012-08-18,3,1,s2_2_8,s1_below_0,6,s1_below_0,s1_below_1,s3_0_up,s3_0_up,s2_0_0,s1_below_0,2827,5038,s3_5764_up
597,2012-08-19,3,1,s2_2_8,s1_below_0,0,s1_below_0,s2_1_2,s3_0_up,s3_0_up,s2_0_0,s1_below_0,1208,3341,s2_3442_5764
598,2012-08-20,3,1,s2_2_8,s1_below_0,1,s2_0_up,s2_1_2,s3_0_up,s3_0_up,s2_0_0,s1_below_0,1026,5504,s3_5764_up
599,2012-08-21,3,1,s2_2_8,s1_below_0,2,s2_0_up,s1_below_1,s3_0_up,s3_0_up,s2_0_0,s1_below_0,1081,5925,s3_5764_up
600,2012-08-22,3,1,s2_2_8,s1_below_0,3,s2_0_up,s1_below_1,s3_0_up,s3_0_up,s2_0_0,s1_below_0,1094,6281,s3_5764_up
601,2012-08-23,3,1,s2_2_8,s1_below_0,4,s2_0_up,s1_below_1,s3_0_up,s3_0_up,s2_0_0,s1_below_0,1363,6402,s3_5764_up
602,2012-08-24,3,1,s2_2_8,s1_below_0,5,s2_0_up,s2_1_2,s3_0_up,s3_0_up,s2_0_0,s1_below_0,1325,6257,s3_5764_up
603,2012-08-25,3,1,s2_2_8,s1_below_0,6,s1_below_0,s2_1_2,s3_0_up,s3_0_up,s2_0_0,s1_below_0,1829,4224,s3_5764_up
604,2012-08-26,3,1,s2_2_8,s1_below_0,0,s1_below_0,s2_1_2,s3_0_up,s3_0_up,s3_0_up,s1_below_0,1483,3772,s2_3442_5764
605,2012-08-27,3,1,s2_2_8,s1_below_0,1,s2_0_up,s1_below_1,s3_0_up,s3_0_up,s2_0_0,s1_below_0,989,5928,s3_5764_up
606,2012-08-28,3,1,s2_2_8,s1_below_0,2,s2_0_up,s1_below_1,s3_0_up,s3_0_up,s2_0_0,s1_below_0,935,6105,s3_5764_up
607,2012-08-29,3,1,s2_2_8,s1_below_0,3,s2_0_up,s1_below_1,s3_0_up,s3_0_up,s2_0_0,s1_below_0,1177,6520,s3_5764_up
608,2012-08-30,3,1,s2_2_8,s1_below_0,4,s2_0_up,s1_below_1,s3_0_up,s3_0_up,s2_0_0,s1_below_0,1172,6541,s3_5764_up
609,2012-08-31,3,1,s2_2_8,s1_below_0,5,s2_0_up,s1_below_1,s3_0_up,s3_0_up,s2_0_0,s1_below_0,1433,5917,s3_5764_up
610,2012-09-01,3,1,s3_8_up,s1_below_0,6,s1_below_0,s2_1_2,s3_0_up,s3_0_up,s2_0_0,s1_below_0,2352,3788,s3_5764_up
611,2012-09-02,3,1,s3_8_up,s1_below_0,0,s1_below_0,s2_1_2,s3_0_up,s3_0_up,s3_0_up,s1_below_0,2613,3197,s3_5764_up
612,2012-09-03,3,1,s3_8_up,s2_0_up,1,s1_below_0,s1_below_1,s3_0_up,s3_0_up,s3_0_up,s1_below_0,1965,4069,s3_5764_up
613,2012-09-04,3,1,s3_8_up,s1_below_0,2,s2_0_up,s1_below_1,s3_0_up,s3_0_up,s2_0_0,s1_below_0,867,5997,s3_5764_up
614,2012-09-05,3,1,s3_8_up,s1_below_0,3,s2_0_up,s1_below_1,s3_0_up,s3_0_up,s2_0_0,s1_below_0,832,6280,s3_5764_up
615,2012-09-06,3,1,s3_8_up,s1_below_0,4,s2_0_up,s2_1_2,s3_0_up,s3_0_up,s3_0_up,s1_below_0,611,5592,s3_5764_up
616,2012-09-07,3,1,s3_8_up,s1_below_0,5,s2_0_up,s1_below_1,s3_0_up,s3_0_up,s2_0_0,s1_below_0,1045,6459,s3_5764_up
617,2012-09-08,3,1,s3_8_up,s1_below_0,6,s1_below_0,s2_1_2,s3_0_up,s3_0_up,s3_0_up,s1_below_0,1557,4419,s3_5764_up
618,2012-09-09,3,1,s3_8_up,s1_below_0,0,s1_below_0,s1_below_1,s3_0_up,s2_0_0,s2_0_0,s1_below_0,2570,5657,s3_5764_up
619,2012-09-10,3,1,s3_8_up,s1_below_0,1,s2_0_up,s1_below_1,s3_0_up,s2_0_0,s2_0_0,s1_below_0,1118,6407,s3_5764_up
620,2012-09-11,3,1,s3_8_up,s1_below_0,2,s2_0_up,s1_below_1,s3_0_up,s2_0_0,s2_0_0,s1_below_0,1070,6697,s3_5764_up
621,2012-09-12,3,1,s3_8_up,s1_below_0,3,s2_0_up,s1_below_1,s3_0_up,s2_0_0,s2_0_0,s1_below_0,1050,6820,s3_5764_up
622,2012-09-13,3,1,s3_8_up,s1_below_0,4,s2_0_up,s1_below_1,s3_0_up,s2_0_0,s2_0_0,s1_below_0,1054,6750,s3_5764_up
623,2012-09-14,3,1,s3_8_up,s1_below_0,5,s2_0_up,s1_below_1,s3_0_up,s3_0_up,s2_0_0,s1_below_0,1379,6630,s3_5764_up
624,2012-09-15,3,1,s3_8_up,s1_below_0,6,s1_below_0,s1_below_1,s3_0_up,s3_0_up,s2_0_0,s1_below_0,3160,5554,s3_5764_up
625,2012-09-16,3,1,s3_8_up,s1_below_0,0,s1_below_0,s1_below_1,s3_0_up,s2_0_0,s2_0_0,s1_below_0,2166,5167,s3_5764_up
626,2012-09-17,3,1,s3_8_up,s1_below_0,1,s2_0_up,s2_1_2,s3_0_up,s2_0_0,s2_0_0,s1_below_0,1022,5847,s3_5764_up
627,2012-09-18,3,1,s3_8_up,s1_below_0,2,s2_0_up,s2_1_2,s3_0_up,s2_0_0,s3_0_up,s2_0_0,371,3702,s2_3442_5764
628,2012-09-19,3,1,s3_8_up,s1_below_0,3,s2_0_up,s1_below_1,s3_0_up,s2_0_0,s2_0_0,s1_below_0,788,6803,s3_5764_up
629,2012-09-20,3,1,s3_8_up,s1_below_0,4,s2_0_up,s1_below_1,s3_0_up,s2_0_0,s2_0_0,s1_below_0,939,6781,s3_5764_up
630,2012-09-21,3,1,s3_8_up,s1_below_0,5,s2_0_up,s1_below_1,s3_0_up,s2_0_0,s2_0_0,s1_below_0,1250,6917,s3_5764_up
631,2012-09-22,3,1,s3_8_up,s1_below_0,6,s1_below_0,s1_below_1,s3_0_up,s3_0_up,s2_0_0,s1_below_0,2512,5883,s3_5764_up
632,2012-09-23,4,1,s3_8_up,s1_below_0,0,s1_below_0,s1_below_1,s3_0_up,s2_0_0,s2_0_0,s1_below_0,2454,5453,s3_5764_up
633,2012-09-24,4,1,s3_8_up,s1_below_0,1,s2_0_up,s1_below_1,s2_0_0,s2_0_0,s2_0_0,s1_below_0,1001,6435,s3_5764_up
634,2012-09-25,4,1,s3_8_up,s1_below_0,2,s2_0_up,s1_below_1,s3_0_up,s2_0_0,s2_0_0,s1_below_0,845,6693,s3_5764_up
635,2012-09-26,4,1,s3_8_up,s1_below_0,3,s2_0_up,s1_below_1,s3_0_up,s3_0_up,s2_0_0,s1_below_0,787,6946,s3_5764_up
636,2012-09-27,4,1,s3_8_up,s1_below_0,4,s2_0_up,s2_1_2,s3_0_up,s3_0_up,s2_0_0,s1_below_0,751,6642,s3_5764_up
637,2012-09-28,4,1,s3_8_up,s1_below_0,5,s2_0_up,s2_1_2,s3_0_up,s3_0_up,s2_0_0,s1_below_0,1045,6370,s3_5764_up
638,2012-09-29,4,1,s3_8_up,s1_below_0,6,s1_below_0,s1_below_1,s3_0_up,s2_0_0,s2_0_0,s1_below_0,2589,5966,s3_5764_up
639,2012-09-30,4,1,s3_8_up,s1_below_0,0,s1_below_0,s1_below_1,s3_0_up,s2_0_0,s2_0_0,s1_below_0,2015,4874,s3_5764_up
640,2012-10-01,4,1,s3_8_up,s1_below_0,1,s2_0_up,s2_1_2,s3_0_up,s2_0_0,s2_0_0,s1_below_0,763,6015,s3_5764_up
641,2012-10-02,4,1,s3_8_up,s1_below_0,2,s2_0_up,s3_2_up,s3_0_up,s2_0_0,s3_0_up,s1_below_0,315,4324,s2_3442_5764
642,2012-10-03,4,1,s3_8_up,s1_below_0,3,s2_0_up,s2_1_2,s3_0_up,s3_0_up,s3_0_up,s1_below_0,728,6844,s3_5764_up
643,2012-10-04,4,1,s3_8_up,s1_below_0,4,s2_0_up,s2_1_2,s3_0_up,s3_0_up,s2_0_0,s1_below_0,891,6437,s3_5764_up
644,2012-10-05,4,1,s3_8_up,s1_below_0,5,s2_0_up,s1_below_1,s3_0_up,s2_0_0,s2_0_0,s1_below_0,1516,6640,s3_5764_up
645,2012-10-06,4,1,s3_8_up,s1_below_0,6,s1_below_0,s1_below_1,s3_0_up,s2_0_0,s2_0_0,s1_below_0,3031,4934,s3_5764_up
646,2012-10-07,4,1,s3_8_up,s1_below_0,0,s1_below_0,s2_1_2,s2_0_0,s2_0_0,s2_0_0,s1_below_0,781,2729,s2_3442_5764
647,2012-10-08,4,1,s3_8_up,s2_0_up,1,s1_below_0,s2_1_2,s2_0_0,s1_below_0,s2_0_0,s1_below_0,874,4604,s2_3442_5764
648,2012-10-09,4,1,s3_8_up,s1_below_0,2,s2_0_up,s2_1_2,s2_0_0,s2_0_0,s2_0_0,s1_below_0,601,5791,s3_5764_up
649,2012-10-10,4,1,s3_8_up,s1_below_0,3,s2_0_up,s1_below_1,s2_0_0,s2_0_0,s2_0_0,s1_below_0,780,6911,s3_5764_up
650,2012-10-11,4,1,s3_8_up,s1_below_0,4,s2_0_up,s1_below_1,s2_0_0,s2_0_0,s2_0_0,s1_below_0,834,6736,s3_5764_up
651,2012-10-12,4,1,s3_8_up,s1_below_0,5,s2_0_up,s1_below_1,s2_0_0,s2_0_0,s2_0_0,s1_below_0,1060,6222,s3_5764_up
652,2012-10-13,4,1,s3_8_up,s1_below_0,6,s1_below_0,s1_below_1,s2_0_0,s1_below_0,s2_0_0,s1_below_0,2252,4857,s3_5764_up
653,2012-10-14,4,1,s3_8_up,s1_below_0,0,s1_below_0,s1_below_1,s3_0_up,s2_0_0,s2_0_0,s1_below_0,2080,4559,s3_5764_up
654,2012-10-15,4,1,s3_8_up,s1_below_0,1,s2_0_up,s2_1_2,s3_0_up,s2_0_0,s2_0_0,s1_below_0,760,5115,s3_5764_up
655,2012-10-16,4,1,s3_8_up,s1_below_0,2,s2_0_up,s1_below_1,s2_0_0,s2_0_0,s2_0_0,s1_below_0,922,6612,s3_5764_up
656,2012-10-17,4,1,s3_8_up,s1_below_0,3,s2_0_up,s1_below_1,s2_0_0,s2_0_0,s2_0_0,s1_below_0,979,6482,s3_5764_up
657,2012-10-18,4,1,s3_8_up,s1_below_0,4,s2_0_up,s2_1_2,s3_0_up,s2_0_0,s2_0_0,s1_below_0,1008,6501,s3_5764_up
658,2012-10-19,4,1,s3_8_up,s1_below_0,5,s2_0_up,s2_1_2,s3_0_up,s2_0_0,s3_0_up,s1_below_0,753,4671,s2_3442_5764
659,2012-10-20,4,1,s3_8_up,s1_below_0,6,s1_below_0,s1_below_1,s2_0_0,s2_0_0,s2_0_0,s1_below_0,2806,5284,s3_5764_up
660,2012-10-21,4,1,s3_8_up,s1_below_0,0,s1_below_0,s1_below_1,s2_0_0,s2_0_0,s2_0_0,s1_below_0,2132,4692,s3_5764_up
661,2012-10-22,4,1,s3_8_up,s1_below_0,1,s2_0_up,s1_below_1,s2_0_0,s2_0_0,s2_0_0,s1_below_0,830,6228,s3_5764_up
662,2012-10-23,4,1,s3_8_up,s1_below_0,2,s2_0_up,s1_below_1,s3_0_up,s2_0_0,s2_0_0,s1_below_0,841,6625,s3_5764_up
663,2012-10-24,4,1,s3_8_up,s1_below_0,3,s2_0_up,s1_below_1,s3_0_up,s2_0_0,s2_0_0,s1_below_0,795,6898,s3_5764_up
664,2012-10-25,4,1,s3_8_up,s1_below_0,4,s2_0_up,s2_1_2,s3_0_up,s2_0_0,s3_0_up,s1_below_0,875,6484,s3_5764_up
665,2012-10-26,4,1,s3_8_up,s1_below_0,5,s2_0_up,s2_1_2,s3_0_up,s2_0_0,s3_0_up,s1_below_0,1182,6262,s3_5764_up
666,2012-10-27,4,1,s3_8_up,s1_below_0,6,s1_below_0,s2_1_2,s3_0_up,s2_0_0,s2_0_0,s1_below_0,2643,5209,s3_5764_up
667,2012-10-28,4,1,s3_8_up,s1_below_0,0,s1_below_0,s2_1_2,s2_0_0,s2_0_0,s2_0_0,s2_0_0,998,3461,s2_3442_5764
668,2012-10-29,4,1,s3_8_up,s1_below_0,1,s2_0_up,s3_2_up,s2_0_0,s2_0_0,s3_0_up,s2_0_0,2,20,s1_below_3442
669,2012-10-30,4,1,s3_8_up,s1_below_0,2,s2_0_up,s2_1_2,s2_0_0,s1_below_0,s3_0_up,s1_below_0,87,1009,s1_below_3442
670,2012-10-31,4,1,s3_8_up,s1_below_0,3,s2_0_up,s2_1_2,s2_0_0,s1_below_0,s2_0_0,s1_below_0,419,5147,s2_3442_5764
671,2012-11-01,4,1,s3_8_up,s1_below_0,4,s2_0_up,s2_1_2,s2_0_0,s1_below_0,s2_0_0,s1_below_0,466,5520,s3_5764_up
672,2012-11-02,4,1,s3_8_up,s1_below_0,5,s2_0_up,s1_below_1,s2_0_0,s1_below_0,s2_0_0,s1_below_0,618,5229,s3_5764_up
673,2012-11-03,4,1,s3_8_up,s1_below_0,6,s1_below_0,s2_1_2,s2_0_0,s1_below_0,s2_0_0,s1_below_0,1029,4109,s2_3442_5764
674,2012-11-04,4,1,s3_8_up,s1_below_0,0,s1_below_0,s1_below_1,s2_0_0,s1_below_0,s2_0_0,s1_below_0,1201,3906,s2_3442_5764
675,2012-11-05,4,1,s3_8_up,s1_below_0,1,s2_0_up,s1_below_1,s2_0_0,s1_below_0,s2_0_0,s1_below_0,378,4881,s2_3442_5764
676,2012-11-06,4,1,s3_8_up,s1_below_0,2,s2_0_up,s1_below_1,s1_below_0,s1_below_0,s2_0_0,s1_below_0,466,5220,s2_3442_5764
677,2012-11-07,4,1,s3_8_up,s1_below_0,3,s2_0_up,s2_1_2,s1_below_0,s1_below_0,s2_0_0,s1_below_0,326,4709,s2_3442_5764
678,2012-11-08,4,1,s3_8_up,s1_below_0,4,s2_0_up,s1_below_1,s2_0_0,s1_below_0,s2_0_0,s2_0_0,340,4975,s2_3442_5764
679,2012-11-09,4,1,s3_8_up,s1_below_0,5,s2_0_up,s1_below_1,s2_0_0,s1_below_0,s2_0_0,s1_below_0,709,5283,s3_5764_up
680,2012-11-10,4,1,s3_8_up,s1_below_0,6,s1_below_0,s1_below_1,s2_0_0,s1_below_0,s2_0_0,s1_below_0,2090,4446,s3_5764_up
681,2012-11-11,4,1,s3_8_up,s1_below_0,0,s1_below_0,s1_below_1,s2_0_0,s2_0_0,s2_0_0,s1_below_0,2290,4562,s3_5764_up
682,2012-11-12,4,1,s3_8_up,s2_0_up,1,s1_below_0,s1_below_1,s2_0_0,s2_0_0,s2_0_0,s1_below_0,1097,5172,s3_5764_up
683,2012-11-13,4,1,s3_8_up,s1_below_0,2,s2_0_up,s2_1_2,s2_0_0,s1_below_0,s2_0_0,s2_0_0,327,3767,s2_3442_5764
684,2012-11-14,4,1,s3_8_up,s1_below_0,3,s2_0_up,s1_below_1,s1_below_0,s1_below_0,s2_0_0,s1_below_0,373,5122,s2_3442_5764
685,2012-11-15,4,1,s3_8_up,s1_below_0,4,s2_0_up,s2_1_2,s2_0_0,s1_below_0,s2_0_0,s1_below_0,320,5125,s2_3442_5764
686,2012-11-16,4,1,s3_8_up,s1_below_0,5,s2_0_up,s1_below_1,s2_0_0,s1_below_0,s2_0_0,s1_below_0,484,5214,s2_3442_5764
687,2012-11-17,4,1,s3_8_up,s1_below_0,6,s1_below_0,s1_below_1,s2_0_0,s1_below_0,s2_0_0,s1_below_0,1313,4316,s2_3442_5764
688,2012-11-18,4,1,s3_8_up,s1_below_0,0,s1_below_0,s1_below_1,s2_0_0,s1_below_0,s2_0_0,s1_below_0,922,3747,s2_3442_5764
689,2012-11-19,4,1,s3_8_up,s1_below_0,1,s2_0_up,s2_1_2,s2_0_0,s1_below_0,s2_0_0,s1_below_0,449,5050,s2_3442_5764
690,2012-11-20,4,1,s3_8_up,s1_below_0,2,s2_0_up,s2_1_2,s2_0_0,s1_below_0,s2_0_0,s1_below_0,534,5100,s2_3442_5764
691,2012-11-21,4,1,s3_8_up,s1_below_0,3,s2_0_up,s1_below_1,s2_0_0,s1_below_0,s2_0_0,s1_below_0,615,4531,s2_3442_5764
692,2012-11-22,4,1,s3_8_up,s2_0_up,4,s1_below_0,s1_below_1,s2_0_0,s1_below_0,s2_0_0,s1_below_0,955,1470,s1_below_3442
693,2012-11-23,4,1,s3_8_up,s1_below_0,5,s2_0_up,s1_below_1,s2_0_0,s1_below_0,s2_0_0,s1_below_0,1603,2307,s2_3442_5764
694,2012-11-24,4,1,s3_8_up,s1_below_0,6,s1_below_0,s1_below_1,s1_below_0,s1_below_0,s2_0_0,s2_0_0,532,1745,s1_below_3442
695,2012-11-25,4,1,s3_8_up,s1_below_0,0,s1_below_0,s1_below_1,s1_below_0,s1_below_0,s2_0_0,s1_below_0,309,2115,s1_below_3442
696,2012-11-26,4,1,s3_8_up,s1_below_0,1,s2_0_up,s1_below_1,s2_0_0,s1_below_0,s2_0_0,s1_below_0,337,4750,s2_3442_5764
697,2012-11-27,4,1,s3_8_up,s1_below_0,2,s2_0_up,s2_1_2,s1_below_0,s1_below_0,s3_0_up,s1_below_0,123,3836,s2_3442_5764
698,2012-11-28,4,1,s3_8_up,s1_below_0,3,s2_0_up,s1_below_1,s1_below_0,s1_below_0,s2_0_0,s1_below_0,198,5062,s2_3442_5764
699,2012-11-29,4,1,s3_8_up,s1_below_0,4,s2_0_up,s1_below_1,s1_below_0,s1_below_0,s2_0_0,s1_below_0,243,5080,s2_3442_5764
700,2012-11-30,4,1,s3_8_up,s1_below_0,5,s2_0_up,s1_below_1,s1_below_0,s1_below_0,s2_0_0,s1_below_0,362,5306,s2_3442_5764
701,2012-12-01,4,1,s3_8_up,s1_below_0,6,s1_below_0,s2_1_2,s1_below_0,s1_below_0,s3_0_up,s1_below_0,951,4240,s2_3442_5764
702,2012-12-02,4,1,s3_8_up,s1_below_0,0,s1_below_0,s2_1_2,s2_0_0,s1_below_0,s3_0_up,s1_below_0,892,3757,s2_3442_5764
703,2012-12-03,4,1,s3_8_up,s1_below_0,1,s2_0_up,s1_below_1,s2_0_0,s2_0_0,s2_0_0,s1_below_0,555,5679,s3_5764_up
704,2012-12-04,4,1,s3_8_up,s1_below_0,2,s2_0_up,s1_below_1,s2_0_0,s2_0_0,s2_0_0,s1_below_0,551,6055,s3_5764_up
705,2012-12-05,4,1,s3_8_up,s1_below_0,3,s2_0_up,s1_below_1,s2_0_0,s2_0_0,s2_0_0,s2_0_0,331,5398,s2_3442_5764
706,2012-12-06,4,1,s3_8_up,s1_below_0,4,s2_0_up,s1_below_1,s1_below_0,s1_below_0,s2_0_0,s1_below_0,340,5035,s2_3442_5764
707,2012-12-07,4,1,s3_8_up,s1_below_0,5,s2_0_up,s2_1_2,s2_0_0,s1_below_0,s2_0_0,s1_below_0,349,4659,s2_3442_5764
708,2012-12-08,4,1,s3_8_up,s1_below_0,6,s1_below_0,s2_1_2,s2_0_0,s1_below_0,s3_0_up,s1_below_0,1153,4429,s2_3442_5764
709,2012-12-09,4,1,s3_8_up,s1_below_0,0,s1_below_0,s2_1_2,s2_0_0,s1_below_0,s3_0_up,s1_below_0,441,2787,s1_below_3442
710,2012-12-10,4,1,s3_8_up,s1_below_0,1,s2_0_up,s2_1_2,s2_0_0,s2_0_0,s3_0_up,s1_below_0,329,4841,s2_3442_5764
711,2012-12-11,4,1,s3_8_up,s1_below_0,2,s2_0_up,s2_1_2,s2_0_0,s1_below_0,s2_0_0,s1_below_0,282,5219,s2_3442_5764
712,2012-12-12,4,1,s3_8_up,s1_below_0,3,s2_0_up,s2_1_2,s1_below_0,s1_below_0,s2_0_0,s1_below_0,310,5009,s2_3442_5764
713,2012-12-13,4,1,s3_8_up,s1_below_0,4,s2_0_up,s1_below_1,s1_below_0,s1_below_0,s2_0_0,s1_below_0,425,5107,s2_3442_5764
714,2012-12-14,4,1,s3_8_up,s1_below_0,5,s2_0_up,s1_below_1,s1_below_0,s1_below_0,s2_0_0,s1_below_0,429,5182,s2_3442_5764
715,2012-12-15,4,1,s3_8_up,s1_below_0,6,s1_below_0,s1_below_1,s2_0_0,s1_below_0,s2_0_0,s1_below_0,767,4280,s2_3442_5764
716,2012-12-16,4,1,s3_8_up,s1_below_0,0,s1_below_0,s2_1_2,s2_0_0,s1_below_0,s3_0_up,s1_below_0,538,3248,s2_3442_5764
717,2012-12-17,4,1,s3_8_up,s1_below_0,1,s2_0_up,s2_1_2,s2_0_0,s1_below_0,s3_0_up,s1_below_0,212,4373,s2_3442_5764
718,2012-12-18,4,1,s3_8_up,s1_below_0,2,s2_0_up,s1_below_1,s2_0_0,s2_0_0,s2_0_0,s1_below_0,433,5124,s2_3442_5764
719,2012-12-19,4,1,s3_8_up,s1_below_0,3,s2_0_up,s1_below_1,s2_0_0,s1_below_0,s2_0_0,s1_below_0,333,4934,s2_3442_5764
720,2012-12-20,4,1,s3_8_up,s1_below_0,4,s2_0_up,s2_1_2,s2_0_0,s1_below_0,s2_0_0,s1_below_0,314,3814,s2_3442_5764
721,2012-12-21,1,1,s3_8_up,s1_below_0,5,s2_0_up,s2_1_2,s2_0_0,s1_below_0,s2_0_0,s2_0_0,221,3402,s2_3442_5764
722,2012-12-22,1,1,s3_8_up,s1_below_0,6,s1_below_0,s1_below_1,s1_below_0,s1_below_0,s2_0_0,s2_0_0,205,1544,s1_below_3442
723,2012-12-23,1,1,s3_8_up,s1_below_0,0,s1_below_0,s1_below_1,s1_below_0,s1_below_0,s2_0_0,s1_below_0,408,1379,s1_below_3442
724,2012-12-24,1,1,s3_8_up,s1_below_0,1,s2_0_up,s2_1_2,s1_below_0,s1_below_0,s3_0_up,s1_below_0,174,746,s1_below_3442
725,2012-12-25,1,1,s3_8_up,s2_0_up,2,s1_below_0,s2_1_2,s1_below_0,s1_below_0,s2_0_0,s1_below_0,440,573,s1_below_3442
726,2012-12-26,1,1,s3_8_up,s1_below_0,3,s2_0_up,s3_2_up,s1_below_0,s1_below_0,s3_0_up,s1_below_0,9,432,s1_below_3442
727,2012-12-27,1,1,s3_8_up,s1_below_0,4,s2_0_up,s2_1_2,s1_below_0,s1_below_0,s2_0_0,s2_0_0,247,1867,s1_below_3442
728,2012-12-28,1,1,s3_8_up,s1_below_0,5,s2_0_up,s2_1_2,s1_below_0,s1_below_0,s2_0_0,s1_below_0,644,2451,s1_below_3442
729,2012-12-29,1,1,s3_8_up,s1_below_0,6,s1_below_0,s2_1_2,s1_below_0,s1_below_0,s2_0_0,s1_below_0,159,1182,s1_below_3442
730,2012-12-30,1,1,s3_8_up,s1_below_0,0,s1_below_0,s1_below_1,s1_below_0,s1_below_0,s2_0_0,s2_0_0,364,1432,s1_below_3442
731,2012-12-31,1,1,s3_8_up,s1_below_0,1,s2_0_up,s2_1_2,s1_below_0,s1_below_0,s2_0_0,s1_below_0,439,2290,s1_below_3442
